ID	Taxon	Gloss	GlossID	Orthography	IPA	TOKENS	CogID	CLPA_TOKENS	CLPA_IDS
1	Albanian	all	1	gjithë	ɟiθ	ɟ i θ	4	ɟ i θ	609 1076 417
2	English	all	1	all	ɔl	ɔ l	1	ɔ l	916 554
3	French	all	1	tous	tut	t u t	2	t u t	120 868 120
4	German	all	1	alle	al	a l	1	a l	997 554
5	Hawaiian	all	1	apau	apau	a p a u	7	a p a u	997 291 997 868
6	Navajo	all	1	t'áá 'áƚtso	ʔayɬʦo	ʔ ay ɬ ʦ o	5	ʔ ? ɬ ts o	409 ? 540 15 887
7	Turkish	all	1	bütün	bytyn	b y t y n	3	b y t y n	257 1047 120 1047 107
8	Albanian	and	2	e	e	e	-916	e	1089
9	English	and	2	and	and	a n d	915	a n d	997 107 145
10	French	and	2	et	e	e	916	e	1089
11	German	and	2	und	unt	u n t	915	u n t	868 107 120
12	Hawaiian	and	2	ā	aː	aː	919	aː	1004
13	Navajo	and	2	dóó	doː	d oː	918	d oː	145 880
14	Turkish	and	2	ve	ve	v e	-917	v e	451 1089
15	Albanian	animal	3	kafshë	kafʃ	k a f ʃ	-1018	k a f ʃ	838 997 452 683
16	English	animal	3	animal	anəməl	a n ə m ə l	-1016	a n ə m ə l	997 107 1022 241 1022 554
17	French	animal	3	animal	animal	a n i m a l	-1016	a n i m a l	997 107 1076 241 997 554
18	German	animal	3	Tier	tiːr	t iː r	1015	t iː r	120 1068 153
19	Hawaiian	animal	3	holoholona	holoholona	h o l o h o l o n a	1020	h o l o h o l o n a	405 887 554 887 405 887 554 887 107 997
20	Navajo	animal	3	naaldeehii	naːldeːhiː	n aː l d eː h iː	1019	n aː l d eː h iː	107 1004 554 145 1091 405 1068
21	Turkish	animal	3	hayvan	hajvan	h a j v a n	-1017	h a j v a n	405 997 570 451 997 107
22	Albanian	ashes	4	hi	hir	h i r	274	h i r	405 1076 153
23	English	ashes	4	ashes	aʃ	a ʃ	271	a ʃ	997 683
24	French	ashes	4	cendre	sɑ̃dr	s ɑ̃ d r	272	s ɑ̃ d r	89 951 145 153
25	German	ashes	4	Asche	aʃə	a ʃ ə	271	a ʃ ə	997 683 1022
26	Hawaiian	ashes	4	lehu	lehu	l e h u	276	l e h u	554 1089 405 868
27	Navajo	ashes	4	ƚeeshch'ih	ɬeːʃʧˀih	ɬ eː ʃ ʧˀ i h	275	ɬ eː ʃ tʃʼ i h	540 1091 683 652 1076 405
28	Turkish	ashes	4	kül	kyl	k y l	273	k y l	838 1047 554
29	Albanian	at	5	në	nə	n ə	954	n ə	107 1022
30	English	at	5	at	at	a t	952	a t	997 120
31	French	at	5	à	a	a	952	a	997
32	German	at	5	an	an	a n	951	a n	997 107
33	Hawaiian	at	5	ma	ma	m a	956	m a	241 997
34	Navajo	at	5	-di	di	d i	955	d i	145 1076
35	Turkish	at	5	-de	de	d e	953	d e	145 1089
36	Albanian	back	6	shpinë	ʃpin	ʃ p i n	-369	ʃ p i n	683 291 1076 107
37	English	back	6	back	bak	b a k	367	b a k	257 997 838
38	French	back	6	dos	do	d o	366	d o	145 887
39	German	back	6	Rücken	rykən	r y k ə n	365	r y k ə n	153 1047 838 1022 107
40	Hawaiian	back	6	kua	kua	k u a	372	k u a	838 868 997
41	Navajo	back	6	'anághah	nayɣah	n ay ɣ a h	370	n ? ɣ a h	107 ? 780 997 405
42	Turkish	back	6	arka	arka	a r k a	368	a r k a	997 153 838 997
43	Albanian	bad	7	keq	kec	k e c	-281	k e c	838 1089 606
44	English	bad	7	bad	bad	b a d	279	b a d	257 997 145
45	French	bad	7	mauvais	mɔvɛz	m ɔ v ɛ z	278	m ɔ v ɛ z	241 916 451 1121 80
46	German	bad	7	schlecht	ʃlext	ʃ l e x t	277	ʃ l e x t	683 554 1089 778 120
47	Hawaiian	bad	7	`ino	ʔino	ʔ i n o	283	ʔ i n o	409 1076 107 887
48	Navajo	bad	7	doo yá'áshǫ́ǫ da	jayʔayʃõõ	j ay ʔ ay ʃ õ õ	282	j ? ʔ ? ʃ õ õ	570 ? 409 ? 683 883 883
49	Turkish	bad	7	kötü	køty	k ø t y	-280	k ø t y	838 1052 120 1047
50	Albanian	bark	8	shkëlbozë	ʃkəlboz	ʃ k ə l b o z	413	ʃ k ə l b o z	683 838 1022 554 257 887 80
51	English	bark	8	bark	bɑrk	b ɑ r k	-411	b ɑ r k	257 952 153 838
52	French	bark	8	écorce	ekɔrs	e k ɔ r s	410	e k ɔ r s	1089 838 916 153 89
53	German	bark	8	Rinde	rində	r i n d ə	409	r i n d ə	153 1076 107 145 1022
54	Hawaiian	bark	8	`ili	ʔili	ʔ i l i	415	ʔ i l i	409 1076 554 1076
55	Navajo	bark	8	'akásht'óózh	kayʃtˀoːʒ	k ay ʃ tˀ oː ʒ	414	k ? ʃ tʼ oː ʒ	838 ? 683 60 880 685
56	Turkish	bark	8	kabuk	kabuk	k a b u k	412	k a b u k	838 997 257 868 838
57	Albanian	because	9	sepse	sepse	s e p s e	336	s e p s e	89 1089 291 89 1089
58	English	because	9	because	bəkɔz	b ə k ɔ z	-337	b ə k ɔ z	257 1022 838 916 80
59	French	because	9	parce que	pars	p a r s	336	p a r s	291 997 153 89
60	German	because	9	weil	vail	v ai l	335	v ai l	451 1037 554
61	Hawaiian	because	9	ā mea	aːmea	aː m e a	341	aː m e a	1004 241 1089 997
62	Navajo	because	9	háálá	haːlay	h aː l ay	339	h aː l ?	405 1004 554 ?
63	Turkish	because	9	çünkü	ʧynky	ʧ y n k y	338	tʃ y n k y	651 1047 107 838 1047
64	Albanian	belly	10	bark	bark	b a r k	1012	b a r k	257 997 153 838
65	English	belly	10	belly	bɛli	b ɛ l i	1010	b ɛ l i	257 1121 554 1076
66	French	belly	10	ventre	vɑ̃tr	v ɑ̃ t r	1009	v ɑ̃ t r	451 951 120 153
67	German	belly	10	Bauch	baux	b au x	1008	b au x	257 1033 778
68	Hawaiian	belly	10	`ōpū	ʔoːpuː	ʔ oː p uː	1014	ʔ oː p uː	409 880 291 860
69	Navajo	belly	10	'abid	bid	b i d	1013	b i d	257 1076 145
70	Turkish	belly	10	karın	karn	k a r n	1011	k a r n	838 997 153 107
71	Albanian	big	11	madh	mað	m a ð	198	m a ð	241 997 419
72	English	big	11	big	bɪg	b ɪ g	196	b ɪ ɡ	257 1110 831
73	French	big	11	grand	grɑ̃d	g r ɑ̃ d	195	ɡ r ɑ̃ d	831 153 951 145
74	German	big	11	groß	groːs	g r oː s	194	ɡ r oː s	831 153 880 89
75	Hawaiian	big	11	nui	nui	n u i	200	n u i	107 868 1076
76	Navajo	big	11	'áníƚtso	ʔayniɬʦo	ʔ ay n i ɬ ʦ o	199	ʔ ? n i ɬ ts o	409 ? 107 1076 540 15 887
77	Turkish	big	11	büyük	byjyk	b y j y k	197	b y j y k	257 1047 570 1047 838
78	Albanian	bird	12	zog	zog	z o g	-482	z o ɡ	80 887 831
79	English	bird	12	bird	bərd	b ə r d	480	b ə r d	257 1022 153 145
80	French	bird	12	oiseau	wazo	w a z o	479	w a z o	462 997 80 887
81	German	bird	12	Vogel	foːgəl	f oː g ə l	478	f oː ɡ ə l	452 880 831 1022 554
82	Hawaiian	bird	12	manu	manu	m a n u	484	m a n u	241 997 107 868
83	Navajo	bird	12	tsídii	ʦidiː	ʦ i d iː	483	ts i d iː	15 1076 145 1068
84	Turkish	bird	12	kuş	kuʃ	k u ʃ	481	k u ʃ	838 868 683
85	Albanian	bite	13	kafshon	kafʃo	k a f ʃ o	714	k a f ʃ o	838 997 452 683 887
86	English	bite	13	bites	bait	b ai t	711	b ai t	257 1037 120
87	French	bite	13	mord	mɔr	m ɔ r	712	m ɔ r	241 916 153
88	German	bite	13	beißt	bais	b ai s	711	b ai s	257 1037 89
89	Hawaiian	bite	13	nahu	nahu	n a h u	716	n a h u	107 997 405 868
90	Navajo	bite	13	'aháshháásh	ʔahayɬhaːʃ	ʔ a h ay ɬ h aː ʃ	715	ʔ a h ? ɬ h aː ʃ	409 997 405 ? 540 405 1004 683
91	Turkish	bite	13	ısırıyor	ɯsɯr	ɯ s ɯ r	713	ɯ s ɯ r	944 89 944 153
92	Albanian	black	14	zi	zez	z e z	133	z e z	80 1089 80
93	English	black	14	black	blak	b l a k	131	b l a k	257 554 997 838
94	French	black	14	noir	nwar	n w a r	130	n w a r	107 462 997 153
95	German	black	14	schwarz	ʃvarʦ	ʃ v a r ʦ	129	ʃ v a r ts	683 451 997 153 15
96	Hawaiian	black	14	`ele`ele	ʔeleʔele	ʔ e l e ʔ e l e	136	ʔ e l e ʔ e l e	409 1089 554 1089 409 1089 554 1089
97	Navajo	black	14	ƚizhin	ɬiʒin	ɬ i ʒ i n	134	ɬ i ʒ i n	540 1076 685 1076 107
98	Turkish	black	14	kara	kara	k a r a	132	k a r a	838 997 153 997
99	Albanian	blood	15	gjak	ɟakr	ɟ a k r	1115	ɟ a k r	609 997 838 153
100	English	blood	15	blood	bləd	b l ə d	1112	b l ə d	257 554 1022 145
101	French	blood	15	sang	sɑ̃	s ɑ̃	1113	s ɑ̃	89 951
102	German	blood	15	Blut	bluːt	b l uː t	1112	b l uː t	257 554 860 120
103	Hawaiian	blood	15	koko	koko	k o k o	1117	k o k o	838 887 838 887
104	Navajo	blood	15	diƚ	diɬ	d i ɬ	1116	d i ɬ	145 1076 540
105	Turkish	blood	15	kan	kan	k a n	1114	k a n	838 997 107
106	Albanian	blow	16	fryn	fry	f r y	81	f r y	452 153 1047
107	English	blow	16	blows	blo	b l o	78	b l o	257 554 887
108	French	blow	16	vente	vɑ̃te	v ɑ̃ t e	79	v ɑ̃ t e	451 951 120 1089
109	German	blow	16	bläst	blaːz	b l aː z	78	b l aː z	257 554 1004 80
110	Hawaiian	blow	16	puhi	puhi	p u h i	83	p u h i	291 868 405 1076
111	Navajo	blow	16	ních'i	niʧˀi	n i ʧˀ i	82	n i tʃʼ i	107 1076 652 1076
112	Turkish	blow	16	esiyor	es	e s	80	e s	1089 89
113	Albanian	bone	17	kockë	koʦk	k o ʦ k	608	k o ts k	838 887 15 838
114	English	bone	17	bone	bon	b o n	606	b o n	257 887 107
115	French	bone	17	os	ɔs	ɔ s	605	ɔ s	916 89
116	German	bone	17	Knochen	knoxən	k n o x ə n	604	k n o x ə n	838 107 887 778 1022 107
117	Hawaiian	bone	17	iwi	iwi	i w i	610	i w i	1076 462 1076
118	Navajo	bone	17	ts'in	ʦˀin	ʦˀ i n	609	tsʼ i n	16 1076 107
119	Turkish	bone	17	kemik	kemik	k e m i k	607	k e m i k	838 1089 241 1076 838
120	Albanian	breast	18	gji	ɟir	ɟ i r	208	ɟ i r	609 1076 153
121	English	breast	18	breast	brɛst	b r ɛ s t	205	b r ɛ s t	257 153 1121 89 120
122	French	breast	18	sein	sɛ̃	s ɛ̃	206	s ɛ̃	89 1123
123	German	breast	18	Brust	brust	b r u s t	205	b r u s t	257 153 868 89 120
124	Hawaiian	breast	18	ū	uː	uː	211	uː	860
125	Navajo	breast	18	'abe'	beʔ	b e ʔ	209	b e ʔ	257 1089 409
126	Turkish	breast	18	meme	meme	m e m e	207	m e m e	241 1089 241 1089
127	Albanian	breathe	19	marr frymë	frym	f r y m	755	f r y m	452 153 1047 241
128	English	breathe	19	breathes	brið	b r i ð	753	b r i ð	257 153 1076 419
129	French	breathe	19	respire	rɛspire	r ɛ s p i r e	-752	r ɛ s p i r e	153 1121 89 291 1076 153 1089
130	German	breathe	19	atmet	aːtm	aː t m	751	aː t m	1004 120 241
131	Hawaiian	breathe	19	hanu	hanu	h a n u	757	h a n u	405 997 107 868
132	Navajo	breathe	19	ńdísdzih	ńdiʣih	ń d i ʣ i h	756	? d i dz i h	? 145 1076 20 1076 405
133	Turkish	breathe	19	nefes alıyor	nefes	n e f e s	-754	n e f e s	107 1089 452 1089 89
134	Albanian	burn	20	digjet	diɟ	d i ɟ	516	d i ɟ	145 1076 609
135	English	burn	20	burns	bərn	b ə r n	514	b ə r n	257 1022 153 107
136	French	burn	20	brûle	bryle	b r y l e	-514	b r y l e	257 153 1047 554 1089
137	German	burn	20	brennt	bren	b r e n	514	b r e n	257 153 1089 107
138	Hawaiian	burn	20	`ā	ʔaː	ʔ aː	519	ʔ aː	409 1004
139	Navajo	burn	20	diltƚi'	diltˡiʔ	d i l tˡ i ʔ	517	d i l tˡ i ʔ	145 1076 554 121 1076 409
140	Turkish	burn	20	yanıyor	jan	j a n	515	j a n	570 997 107
141	Albanian	child	21	fëmiljë	fəmiʎ	f ə m i ʎ	-804	f ə m i ʎ	452 1022 241 1076 588
142	English	child	21	child	ʧaild	ʧ ai l d	802	tʃ ai l d	651 1037 554 145
143	French	child	21	enfant	ɑ̃fɑ̃t	ɑ̃ f ɑ̃ t	801	ɑ̃ f ɑ̃ t	951 452 951 120
144	German	child	21	Kind	kind	k i n d	800	k i n d	838 1076 107 145
145	Hawaiian	child	21	keiki	keiki	k e i k i	807	k e i k i	838 1089 1076 838 1076
146	Navajo	child	21	'ashkii	ʔʃkiː	ʔ ʃ k iː	805	ʔ ʃ k iː	409 683 838 1068
147	Turkish	child	21	çocuk	ʧoʤuk	ʧ o ʤ u k	803	tʃ o dʒ u k	651 887 655 868 838
148	Albanian	claw	22	thua	θon	θ o n	304	θ o n	417 887 107
149	English	claw	22	claw	klɔ	k l ɔ	301	k l ɔ	838 554 916
150	French	claw	22	griffe	grif	g r i f	-302	ɡ r i f	831 153 1076 452
151	German	claw	22	Klaue	klauə	k l au ə	301	k l au ə	838 554 1033 1022
152	Hawaiian	claw	22	miki`ao	mikiʔao	m i k i ʔ a o	307	m i k i ʔ a o	241 1076 838 1076 409 997 887
153	Navajo	claw	22	'akéshgaan	keʃgaː	k e ʃ g aː	305	k e ʃ ɡ aː	838 1089 683 831 1004
154	Turkish	claw	22	tırnak	tɯrnak	t ɯ r n a k	303	t ɯ r n a k	120 944 153 107 997 838
155	Albanian	cloud	23	re	re	r e	698	r e	153 1089
156	English	cloud	23	cloud	klaud	k l au d	696	k l au d	838 554 1033 145
157	French	cloud	23	nuage	nɥaʒ	n ɥ a ʒ	695	n ɥ a ʒ	107 458 997 685
158	German	cloud	23	Wolke	volkə	v o l k ə	694	v o l k ə	451 887 554 838 1022
159	Hawaiian	cloud	23	ao	ao	a o	700	a o	997 887
160	Navajo	cloud	23	k'os	kˀos	kˀ o s	699	kʼ o s	776 887 89
161	Turkish	cloud	23	bulut	bulut	b u l u t	697	b u l u t	257 868 554 868 120
162	Albanian	cold	24	ftohët	ftohət	f t o h ə t	75	f t o h ə t	452 120 887 405 1022 120
163	English	cold	24	cold	kold	k o l d	72	k o l d	838 887 554 145
164	French	cold	24	froid	frwad	f r w a d	73	f r w a d	452 153 462 997 145
165	German	cold	24	kalt	kalt	k a l t	72	k a l t	838 997 554 120
166	Hawaiian	cold	24	anu	anu	a n u	77	a n u	997 107 868
167	Navajo	cold	24	sik'az	sikˀaz	s i kˀ a z	76	s i kʼ a z	89 1076 776 997 80
168	Turkish	cold	24	soğuk	soɣuk	s o ɣ u k	74	s o ɣ u k	89 887 780 868 838
169	Albanian	come	25	vjen	vjen	v j e n	-560	v j e n	451 570 1089 107
170	English	come	25	comes	kəm	k ə m	560	k ə m	838 1022 241
171	French	come	25	vient	vjɛ̃	v j ɛ̃	560	v j ɛ̃	451 570 1123
172	German	come	25	kommt	kom	k o m	560	k o m	838 887 241
173	Hawaiian	come	25	hele mai	hele	h e l e	563	h e l e	405 1089 554 1089
174	Navajo	come	25	yíghááh	jiɣaːh	j i ɣ aː h	562	j i ɣ aː h	570 1076 780 1004 405
175	Turkish	come	25	geliyor	gel	g e l	561	ɡ e l	831 1089 554
176	Albanian	count	26	numëron	numəruar	n u m ə r u a r	-164	n u m ə r u a r	107 868 241 1022 153 868 997 153
177	English	count	26	counts	kaunt	k au n t	-162	k au n t	838 1033 107 120
178	French	count	26	compte	kɔ̃te	k ɔ̃ t e	162	k ɔ̃ t e	838 915 120 1089
179	German	count	26	zählt	ʦeːl	ʦ eː l	161	ts eː l	15 1091 554
180	Hawaiian	count	26	helu	helu	h e l u	166	h e l u	405 1089 554 868
181	Navajo	count	26	'ííníshta'	iːniɬtaʔ	iː n i ɬ t a ʔ	165	iː n i ɬ t a ʔ	1068 107 1076 540 120 997 409
182	Turkish	count	26	sayıyor	saj	s a j	163	s a j	89 997 570
183	Albanian	cut	27	pres	pres	p r e s	88	p r e s	291 153 1089 89
184	English	cut	27	cuts	kət	k ə t	-86	k ə t	838 1022 120
185	French	cut	27	coupe	kupe	k u p e	-85	k u p e	838 868 291 1089
186	German	cut	27	schneidet	ʃnaid	ʃ n ai d	84	ʃ n ai d	683 107 1037 145
187	Hawaiian	cut	27	`oki	ʔoki	ʔ o k i	91	ʔ o k i	409 887 838 1076
188	Navajo	cut	27	'aháshgéésh	ʔahaygeːʃ	ʔ a h ay g eː ʃ	89	ʔ a h ? ɡ eː ʃ	409 997 405 ? 831 1091 683
189	Turkish	cut	27	kesiyor	kes	k e s	87	k e s	838 1089 89
190	Albanian	day	28	ditë	dit	d i t	241	d i t	145 1076 120
191	English	day	28	day	de	d e	238	d e	145 1089
192	French	day	28	jour	ʒur	ʒ u r	239	ʒ u r	685 868 153
193	German	day	28	Tag	taːg	t aː g	238	t aː ɡ	120 1004 831
194	Hawaiian	day	28	lā	laː	l aː	243	l aː	554 1004
195	Navajo	day	28	jį́	ʤĩ́	ʤ ĩ́	242	dʒ ĩ	655 1078
196	Turkish	day	28	gün	gyn	g y n	240	ɡ y n	831 1047 107
197	Albanian	die	29	vdes	vdes	v d e s	260	v d e s	451 145 1089 89
198	English	die	29	dies	dai	d ai	-258	d ai	145 1037
199	French	die	29	meurt	mœr	m œ r	257	m œ r	241 1059 153
200	German	die	29	stirbt	ʃterb	ʃ t e r b	256	ʃ t e r b	683 120 1089 153 257
201	Hawaiian	die	29	make loa	make	m a k e	262	m a k e	241 997 838 1089
202	Navajo	die	29	daaztsą́	daːzʦã́	d aː z ʦ ã́	261	d aː z ts ã	145 1004 80 15 1014
203	Turkish	die	29	ölüyor	øl	ø l	259	ø l	1052 554
204	Albanian	dig	30	gërmon	gərmo	g ə r m o	543	ɡ ə r m o	831 1022 153 241 887
205	English	dig	30	digs	dɪg	d ɪ g	-541	d ɪ ɡ	145 1110 831
206	French	dig	30	creuse	krøze	k r ø z e	-540	k r ø z e	838 153 1052 80 1089
207	German	dig	30	gräbt	graːb	g r aː b	539	ɡ r aː b	831 153 1004 257
208	Hawaiian	dig	30	`eli	ʔeli	ʔ e l i	546	ʔ e l i	409 1089 554 1076
209	Navajo	dig	30	hahashgééd	hahageːd	h a h a g eː d	544	h a h a ɡ eː d	405 997 405 997 831 1091 145
210	Turkish	dig	30	kazıyor	kaz	k a z	542	k a z	838 997 80
211	Albanian	dirty	31	ndyrë	ndyr	n d y r	900	n d y r	107 145 1047 153
212	English	dirty	31	dirty	dərti	d ə r t i	-898	d ə r t i	145 1022 153 120 1076
213	French	dirty	31	sale	sal	s a l	-897	s a l	89 997 554
214	German	dirty	31	schmutzig	ʃmuʦix	ʃ m u ʦ i x	896	ʃ m u ts i x	683 241 868 15 1076 778
215	Hawaiian	dirty	31	lepo	lepo	l e p o	903	l e p o	554 1089 291 887
216	Navajo	dirty	31	baa'ih	baːʔih	b aː ʔ i h	901	b aː ʔ i h	257 1004 409 1076 405
217	Turkish	dirty	31	pis	pis	p i s	-899	p i s	291 1076 89
218	Albanian	dog	32	qen	cen	c e n	-1181	c e n	606 1089 107
219	English	dog	32	dog	dɑg	d ɑ g	1182	d ɑ ɡ	145 952 831
220	French	dog	32	chien	ʃjɛn	ʃ j ɛ n	1181	ʃ j ɛ n	683 570 1121 107
221	German	dog	32	Hund	hund	h u n d	1181	h u n d	405 868 107 145
222	Hawaiian	dog	32	`īlio	ʔiːlio	ʔ iː l i o	1185	ʔ iː l i o	409 1068 554 1076 887
223	Navajo	dog	32	ƚééchąą'í	ɬeːʧãːʔi	ɬ eː ʧ ãː ʔ i	1184	ɬ eː tʃ ãː ʔ i	540 1091 651 992 409 1076
224	Turkish	dog	32	köpek	køpek	k ø p e k	1183	k ø p e k	838 1052 291 1089 838
225	Albanian	drink	33	pi	pi	p i	1079	p i	291 1076
226	English	drink	33	drinks	drɪŋk	d r ɪ ŋ k	1078	d r ɪ ŋ k	145 153 1110 801 838
227	French	drink	33	bois	bwa	b w a	1079	b w a	257 462 997
228	German	drink	33	trinkt	triŋk	t r i ŋ k	1078	t r i ŋ k	120 153 1076 801 838
229	Hawaiian	drink	33	inu	inu	i n u	1082	i n u	1076 107 868
230	Navajo	drink	33	'adlą́	ʔadˡã́	ʔ a dˡ ã́	1081	ʔ a dˡ ã	409 997 146 1014
231	Turkish	drink	33	içiyor	iʧ	i ʧ	1080	i tʃ	1076 651
232	Albanian	dry	34	thatë	θat	θ a t	575	θ a t	417 997 120
233	English	dry	34	dry	drai	d r ai	572	d r ai	145 153 1037
234	French	dry	34	sec	sɛʃ	s ɛ ʃ	573	s ɛ ʃ	89 1121 683
235	German	dry	34	trocken	trokən	t r o k ə n	572	t r o k ə n	120 153 887 838 1022 107
236	Hawaiian	dry	34	malo`o	maloʔo	m a l o ʔ o	577	m a l o ʔ o	241 997 554 887 409 887
237	Navajo	dry	34	yíƚtseii	jiɬʦeiː	j i ɬ ʦ e iː	576	j i ɬ ts e iː	570 1076 540 15 1089 1068
238	Turkish	dry	34	kuru	kuru	k u r u	574	k u r u	838 868 153 868
239	Albanian	dull	35	pa mprehtë	mpreht	m p r e h t	823	m p r e h t	241 291 153 1089 405 120
240	English	dull	35	dull	dəl	d ə l	821	d ə l	145 1022 554
241	French	dull	35	émoussé	emuse	e m u s e	820	e m u s e	1089 241 868 89 1089
242	German	dull	35	stumpf	ʃtump͡f	ʃ t u m p͡f	819	ʃ t u m pf	683 120 868 241 424
243	Hawaiian	dull	35	kūmūmū	kuːmuːmuː	k uː m uː m uː	826	k uː m uː m uː	838 860 241 860 241 860
244	Navajo	dull	35	doo deení da	deːni	d eː n i	824	d eː n i	145 1091 107 1076
245	Turkish	dull	35	kör	kør	k ø r	-822	k ø r	838 1052 153
246	Albanian	dust	36	pluhur	pluhur	p l u h u r	1122	p l u h u r	291 554 868 405 868 153
247	English	dust	36	dust	dəst	d ə s t	1120	d ə s t	145 1022 89 120
248	French	dust	36	poussière	pusjɛr	p u s j ɛ r	1119	p u s j ɛ r	291 868 89 570 1121 153
249	German	dust	36	Staub	ʃtaub	ʃ t au b	1118	ʃ t au b	683 120 1033 257
250	Hawaiian	dust	36	`ehu	ʔehu	ʔ e h u	1124	ʔ e h u	409 1089 405 868
251	Navajo	dust	36	ƚeezh	ɬeːʒ	ɬ eː ʒ	1123	ɬ eː ʒ	540 1091 685
252	Turkish	dust	36	toz	toz	t o z	1121	t o z	120 887 80
253	Albanian	ear	37	vesh	veʃ	v e ʃ	438	v e ʃ	451 1089 683
254	English	ear	37	ear	ɪr	ɪ r	438	ɪ r	1110 153
255	French	ear	37	oreille	ɔrɛj	ɔ r ɛ j	438	ɔ r ɛ j	916 153 1121 570
256	German	ear	37	Ohr	oːr	oː r	438	oː r	880 153
257	Hawaiian	ear	37	pepeiao	pepeiao	p e p e i a o	441	p e p e i a o	291 1089 291 1089 1076 997 887
258	Navajo	ear	37	'ajaa'	ʤaːʔ	ʤ aː ʔ	440	dʒ aː ʔ	655 1004 409
259	Turkish	ear	37	kulak	kulak	k u l a k	439	k u l a k	838 868 554 997 838
260	Albanian	earth	38	dhe	ðer	ð e r	69	ð e r	419 1089 153
261	English	earth	38	earth	ərθ	ə r θ	66	ə r θ	1022 153 417
262	French	earth	38	terre	tɛr	t ɛ r	67	t ɛ r	120 1121 153
263	German	earth	38	Erde	eːrdə	eː r d ə	66	eː r d ə	1091 153 145 1022
264	Hawaiian	earth	38	lepo	lepo	l e p o	71	l e p o	554 1089 291 887
265	Navajo	earth	38	ƚeezh	ɬeːʒ	ɬ eː ʒ	70	ɬ eː ʒ	540 1091 685
266	Turkish	earth	38	toprak	toprak	t o p r a k	68	t o p r a k	120 887 291 153 997 838
267	Albanian	eat	39	ha	ha	h a	119	h a	405 997
268	English	eat	39	eats	it	i t	116	i t	1076 120
269	French	eat	39	mange	mɑ̃ʒe	m ɑ̃ ʒ e	117	m ɑ̃ ʒ e	241 951 685 1089
270	German	eat	39	ißt	es	e s	116	e s	1089 89
271	Hawaiian	eat	39	`ai	ʔai	ʔ a i	121	ʔ a i	409 997 1076
272	Navajo	eat	39	'ayą́	ʔajã́	ʔ a j ã́	120	ʔ a j ã	409 997 570 1014
273	Turkish	eat	39	yiyor	je	j e	118	j e	570 1089
274	Albanian	egg	40	vezë	vez	v e z	1222	v e z	451 1089 80
275	English	egg	40	egg	ɛg	ɛ g	-1222	ɛ ɡ	1121 831
276	French	egg	40	œuf	œf	œ f	1222	œ f	1059 452
277	German	egg	40	Ei	ai	ai	1222	ai	1037
278	Hawaiian	egg	40	hua	hua	h u a	1225	h u a	405 868 997
279	Navajo	egg	40	'ayęęzhii	jẽːʒiː	j ẽː ʒ iː	1224	j ẽː ʒ iː	570 1096 685 1068
280	Turkish	egg	40	yumurta	jumurta	j u m u r t a	1223	j u m u r t a	570 868 241 868 153 120 997
281	Albanian	eye	41	sy	syr	s y r	708	s y r	89 1047 153
282	English	eye	41	eye	ai	ai	706	ai	1037
283	French	eye	41	œil	œj	œ j	706	œ j	1059 570
284	German	eye	41	Auge	augə	au g ə	706	au ɡ ə	1033 831 1022
285	Hawaiian	eye	41	maka	maka	m a k a	710	m a k a	241 997 838 997
286	Navajo	eye	41	'anáá'	naːʔ	n aː ʔ	709	n aː ʔ	107 1004 409
287	Turkish	eye	41	göz	gøz	g ø z	707	ɡ ø z	831 1052 80
288	Albanian	fall	42	bie	bie	b i e	223	b i e	257 1076 1089
289	English	fall	42	falls	fɔl	f ɔ l	220	f ɔ l	452 916 554
290	French	fall	42	tombe	tɔ̃be	t ɔ̃ b e	-221	t ɔ̃ b e	120 915 257 1089
291	German	fall	42	fällt	fal	f a l	220	f a l	452 997 554
292	Hawaiian	fall	42	hina	hina	h i n a	226	h i n a	405 1076 107 997
293	Navajo	fall	42	naashtƚíísh	naːtˡiːʃ	n aː tˡ iː ʃ	224	n aː tˡ iː ʃ	107 1004 121 1068 683
294	Turkish	fall	42	düşüyor	dyʃ	d y ʃ	222	d y ʃ	145 1047 683
295	Albanian	far	43	larg	larg	l a r g	-191	l a r ɡ	554 997 153 831
296	English	far	43	far	fɑr	f ɑ r	188	f ɑ r	452 952 153
297	French	far	43	loin	lwɛ̃	l w ɛ̃	189	l w ɛ̃	554 462 1123
298	German	far	43	fern	fern	f e r n	188	f e r n	452 1089 153 107
299	Hawaiian	far	43	mamao	mamao	m a m a o	193	m a m a o	241 997 241 997 887
300	Navajo	far	43	nízahgóó	nizah	n i z a h	192	n i z a h	107 1076 80 997 405
301	Turkish	far	43	uzak	uzak	u z a k	190	u z a k	868 80 997 838
302	Albanian	father	44	babë	babə	b a b ə	-107	b a b ə	257 997 257 1022
303	English	father	44	father	fɑðər	f ɑ ð ə r	106	f ɑ ð ə r	452 952 419 1022 153
304	French	father	44	père	pɛr	p ɛ r	106	p ɛ r	291 1121 153
305	German	father	44	Vater	faːtər	f aː t ə r	106	f aː t ə r	452 1004 120 1022 153
306	Hawaiian	father	44	makua kāne	makuakaːne	m a k u a k aː n e	109	m a k u a k aː n e	241 997 838 868 997 838 1004 107 1089
307	Navajo	father	44	'ataa'	taːʔ	t aː ʔ	108	t aː ʔ	120 1004 409
308	Turkish	father	44	baba	baba	b a b a	107	b a b a	257 997 257 997
309	Albanian	feather	45	pendë	pend	p e n d	748	p e n d	291 1089 107 145
310	English	feather	45	feather	fɛðər	f ɛ ð ə r	745	f ɛ ð ə r	452 1121 419 1022 153
311	French	feather	45	plume	plym	p l y m	746	p l y m	291 554 1047 241
312	German	feather	45	Feder	feːdər	f eː d ə r	745	f eː d ə r	452 1091 145 1022 153
313	Hawaiian	feather	45	hulu	hulu	h u l u	750	h u l u	405 868 554 868
314	Navajo	feather	45	'at'a'	tˀaʔ	tˀ a ʔ	749	tʼ a ʔ	60 997 409
315	Turkish	feather	45	tüy	tyj	t y j	747	t y j	120 1047 570
316	Albanian	few	46	pak	pak	p a k	-741	p a k	291 997 838
317	English	few	46	few	fju	f j u	741	f j u	452 570 868
318	French	few	46	peu de	pø	p ø	741	p ø	291 1052
319	German	few	46	wenige	veːnig	v eː n i g	740	v eː n i ɡ	451 1091 107 1076 831
320	Hawaiian	few	46	kaka`ikahi	kakaʔikahi	k a k a ʔ i k a h i	744	k a k a ʔ i k a h i	838 997 838 997 409 1076 838 997 405 1076
321	Navajo	few	46	t'áá díkwíí	dikwiː	d i k w iː	743	d i k w iː	145 1076 838 462 1068
322	Turkish	few	46	az	az	a z	742	a z	997 80
323	Albanian	fight	47	lufton	lufto	l u f t o	-736	l u f t o	554 868 452 120 887
324	English	fight	47	fights	fait	f ai t	734	f ai t	452 1037 120
325	French	fight	47	bat	bat	b a t	733	b a t	257 997 120
326	German	fight	47	kämpft	kamp͡f	k a m p͡f	-732	k a m pf	838 997 241 424
327	Hawaiian	fight	47	hakakā	hakakaː	h a k a k aː	739	h a k a k aː	405 997 838 997 838 1004
328	Navajo	fight	47	'ahishgą́	ʔahigã́	ʔ a h i g ã́	737	ʔ a h i ɡ ã	409 997 405 1076 831 1014
329	Turkish	fight	47	dövüşüyor	døvyʃ	d ø v y ʃ	735	d ø v y ʃ	145 1052 451 1047 683
330	Albanian	fire	48	zjarr	zjarː	z j a rː	782	z j a rː	80 570 997 162
331	English	fire	48	fire	faiər	f ai ə r	779	f ai ə r	452 1037 1022 153
332	French	fire	48	feu	fø	f ø	780	f ø	452 1052
333	German	fire	48	Feuer	foiər	f oi ə r	779	f oi ə r	452 935 1022 153
334	Hawaiian	fire	48	ahi	ahi	a h i	785	a h i	997 405 1076
335	Navajo	fire	48	kǫ'	kõʔ	k õ ʔ	783	k õ ʔ	838 883 409
336	Turkish	fire	48	ateş	ateʃ	a t e ʃ	-781	a t e ʃ	997 120 1089 683
337	Albanian	fish	49	peshk	peʃk	p e ʃ k	-353	p e ʃ k	291 1089 683 838
338	English	fish	49	fish	fɪʃ	f ɪ ʃ	353	f ɪ ʃ	452 1110 683
339	French	fish	49	poisson	pwasɔ̃	p w a s ɔ̃	353	p w a s ɔ̃	291 462 997 89 915
340	German	fish	49	Fisch	fiʃ	f i ʃ	353	f i ʃ	452 1076 683
341	Hawaiian	fish	49	i`a	iʔa	i ʔ a	356	i ʔ a	1076 409 997
342	Navajo	fish	49	ƚóó'	ɬoːʔ	ɬ oː ʔ	355	ɬ oː ʔ	540 880 409
343	Turkish	fish	49	balık	balɯk	b a l ɯ k	354	b a l ɯ k	257 997 554 944 838
344	Albanian	five	50	pesë	pesə	p e s ə	201	p e s ə	291 1089 89 1022
345	English	five	50	five	faiv	f ai v	201	f ai v	452 1037 451
346	French	five	50	cinq	sɛ̃k	s ɛ̃ k	201	s ɛ̃ k	89 1123 838
347	German	five	50	fünf	fynf	f y n f	201	f y n f	452 1047 107 452
348	Hawaiian	five	50	lima	lima	l i m a	204	l i m a	554 1076 241 997
349	Navajo	five	50	'ashdla'	ʔaʃdˡaʔ	ʔ a ʃ dˡ a ʔ	203	ʔ a ʃ dˡ a ʔ	409 997 683 146 997 409
350	Turkish	five	50	beş	beʃ	b e ʃ	202	b e ʃ	257 1089 683
351	Albanian	flow	51	rrjedh	rːeð	rː e ð	1177	rː e ð	162 1089 419
352	English	flow	51	flows	flo	f l o	1174	f l o	452 554 887
353	French	flow	51	coule	kule	k u l e	1175	k u l e	838 868 554 1089
354	German	flow	51	fließt	fliːs	f l iː s	1174	f l iː s	452 554 1068 89
355	Hawaiian	flow	51	kahe	kahe	k a h e	1180	k a h e	838 997 405 1089
356	Navajo	flow	51	yígeeh	jigeːh	j i g eː h	1178	j i ɡ eː h	570 1076 831 1091 405
357	Turkish	flow	51	akıyor	ak	a k	1176	a k	997 838
358	Albanian	flower	52	lule	lul	l u l	-423	l u l	554 868 554
359	English	flower	52	flower	flauər	f l au ə r	-421	f l au ə r	452 554 1033 1022 153
360	French	flower	52	fleur	flœr	f l œ r	421	f l œ r	452 554 1059 153
361	German	flower	52	Blume	bluːm	b l uː m	421	b l uː m	257 554 860 241
362	Hawaiian	flower	52	pua	pua	p u a	425	p u a	291 868 997
363	Navajo	flower	52	ch'ilátah hózhóón	ʧˀilaytah	ʧˀ i l ay t a h	424	tʃʼ i l ? t a h	652 1076 554 ? 120 997 405
364	Turkish	flower	52	çiçek	ʧiʧek	ʧ i ʧ e k	422	tʃ i tʃ e k	651 1076 651 1089 838
365	Albanian	fly	53	fluturon	fluturo	f l u t u r o	844	f l u t u r o	452 554 868 120 868 153 887
366	English	fly	53	flies	flai	f l ai	841	f l ai	452 554 1037
367	French	fly	53	vole	vɔle	v ɔ l e	842	v ɔ l e	451 916 554 1089
368	German	fly	53	fliegt	fliːg	f l iː g	841	f l iː ɡ	452 554 1068 831
369	Hawaiian	fly	53	lele	lele	l e l e	846	l e l e	554 1089 554 1089
370	Navajo	fly	53	yit'ah	jitˀah	j i tˀ a h	845	j i tʼ a h	570 1076 60 997 405
371	Turkish	fly	53	uçuyor	uʧ	u ʧ	843	u tʃ	868 651
372	Albanian	fog	54	mjegull	mjeguł	m j e g u ł	470	m j e ɡ u lˠ	241 570 1089 831 868 549
373	English	fog	54	fog	fɑg	f ɑ g	-468	f ɑ ɡ	452 952 831
374	French	fog	54	brouillard	brujar	b r u j a r	-467	b r u j a r	257 153 868 570 997 153
375	German	fog	54	Nebel	neːbəl	n eː b ə l	466	n eː b ə l	107 1091 257 1022 554
376	Hawaiian	fog	54	`ohu	ʔohu	ʔ o h u	472	ʔ o h u	409 887 405 868
377	Navajo	fog	54	'áhí	ayhi	ay h i	471	? h i	? 405 1076
378	Turkish	fog	54	sis	sis	s i s	469	s i s	89 1076 89
379	Albanian	foot	55	këmbë	kəmb	k ə m b	-229	k ə m b	838 1022 241 257
380	English	foot	55	foot	fʊt	f ʊ t	227	f ʊ t	452 904 120
381	French	foot	55	pied	pje	p j e	227	p j e	291 570 1089
382	German	foot	55	Fuß	fuːs	f uː s	227	f uː s	452 860 89
383	Hawaiian	foot	55	wāwae	waːwae	w aː w a e	231	w aː w a e	462 1004 462 997 1089
384	Navajo	foot	55	'akee'	keːʔ	k eː ʔ	230	k eː ʔ	838 1091 409
385	Turkish	foot	55	ayak	ajak	a j a k	228	a j a k	997 570 997 838
386	Albanian	four	56	katër	katər	k a t ə r	20	k a t ə r	838 997 120 1022 153
387	English	four	56	four	fɔr	f ɔ r	20	f ɔ r	452 916 153
388	French	four	56	quatre	katr	k a t r	20	k a t r	838 997 120 153
389	German	four	56	vier	fiːr	f iː r	20	f iː r	452 1068 153
390	Hawaiian	four	56	hā	haː	h aː	23	h aː	405 1004
391	Navajo	four	56	dį́į́'	dĩːʔ	d ĩː ʔ	22	d ĩː ʔ	145 1066 409
392	Turkish	four	56	dört	dørt	d ø r t	21	d ø r t	145 1052 153 120
393	Albanian	freeze	57	ngrin	ngri	n g r i	376	n ɡ r i	107 831 153 1076
394	English	freeze	57	freezes	friz	f r i z	373	f r i z	452 153 1076 80
395	French	freeze	57	gèle	ʒɛle	ʒ ɛ l e	374	ʒ ɛ l e	685 1121 554 1089
396	German	freeze	57	friert	friːr	f r iː r	373	f r iː r	452 153 1068 153
397	Hawaiian	freeze	57	ho`opa`a i ka hau	hoʔopaʔa	h o ʔ o p a ʔ a	378	h o ʔ o p a ʔ a	405 887 409 887 291 997 409 997
398	Navajo	freeze	57	yishtin	jiʃtin	j i ʃ t i n	377	j i ʃ t i n	570 1076 683 120 1076 107
399	Turkish	freeze	57	donuyor	don	d o n	375	d o n	145 887 107
400	Albanian	fruit	58	pemë	pem	p e m	-1102	p e m	291 1089 241
401	English	fruit	58	fruit	frut	f r u t	-1100	f r u t	452 153 868 120
402	French	fruit	58	fruit	frɥi	f r ɥ i	1100	f r ɥ i	452 153 458 1076
403	German	fruit	58	Frucht	fruxt	f r u x t	-1100	f r u x t	452 153 868 778 120
404	Hawaiian	fruit	58	hua	hua	h u a	1104	h u a	405 868 997
405	Navajo	fruit	58	bineest'ą'	bineːstˀãʔ	b i n eː s tˀ ã ʔ	1103	b i n eː s tʼ ã ʔ	257 1076 107 1091 89 60 1014 409
406	Turkish	fruit	58	meyva	mejva	m e j v a	-1101	m e j v a	241 1089 570 451 997
407	Albanian	full	59	plotë	plot	p l o t	503	p l o t	291 554 887 120
408	English	full	59	full	fʊl	f ʊ l	503	f ʊ l	452 904 554
409	French	full	59	plein	plɛn	p l ɛ n	503	p l ɛ n	291 554 1121 107
410	German	full	59	voll	fol	f o l	503	f o l	452 887 554
411	Hawaiian	full	59	piha	piha	p i h a	506	p i h a	291 1076 405 997
412	Navajo	full	59	hadeezbin	hadibin	h a d i b i n	505	h a d i b i n	405 997 145 1076 257 1076 107
413	Turkish	full	59	dolu	dolu	d o l u	504	d o l u	145 887 554 868
414	Albanian	give	60	jep	jep	j e p	936	j e p	570 1089 291
415	English	give	60	gives	gɪv	g ɪ v	-933	ɡ ɪ v	831 1110 451
416	French	give	60	donne	dɔne	d ɔ n e	934	d ɔ n e	145 916 107 1089
417	German	give	60	gibt	geːb	g eː b	933	ɡ eː b	831 1091 257
418	Hawaiian	give	60	hā`awi	haːʔawi	h aː ʔ a w i	938	h aː ʔ a w i	405 1004 409 997 462 1076
419	Navajo	give	60	nish'aah	niʔaːh	n i ʔ aː h	937	n i ʔ aː h	107 1076 409 1004 405
420	Turkish	give	60	veriyor	ver	v e r	935	v e r	451 1089 153
421	Albanian	go	61	shkon	ʃko	ʃ k o	62	ʃ k o	683 838 887
422	English	go	61	goes	go	g o	59	ɡ o	831 887
423	French	go	61	va	v	v	60	v	451
424	German	go	61	geht	geː	g eː	59	ɡ eː	831 1091
425	Hawaiian	go	61	hele	hele	h e l e	65	h e l e	405 1089 554 1089
426	Navajo	go	61	yíghááh	jiɣaːh	j i ɣ aː h	63	j i ɣ aː h	570 1076 780 1004 405
427	Turkish	go	61	yürüyor	jyry	j y r y	61	j y r y	570 1047 153 1047
428	Albanian	good	62	mirë	mir	m i r	-170	m i r	241 1076 153
429	English	good	62	good	gʊd	g ʊ d	167	ɡ ʊ d	831 904 145
430	French	good	62	bon	bɔn	b ɔ n	168	b ɔ n	257 916 107
431	German	good	62	gut	guːt	g uː t	167	ɡ uː t	831 860 120
432	Hawaiian	good	62	maika`i	maikaʔi	m a i k a ʔ i	172	m a i k a ʔ i	241 997 1076 838 997 409 1076
433	Navajo	good	62	yá'átˀééh	jayʔaytˀeːh	j ay ʔ ay tˀ eː h	171	j ? ʔ ? tʼ eː h	570 ? 409 ? 60 1091 405
434	Turkish	good	62	iyi	iji	i j i	169	i j i	1076 570 1076
435	Albanian	grass	63	bar	bar	b a r	907	b a r	257 997 153
436	English	grass	63	grass	gras	g r a s	904	ɡ r a s	831 153 997 89
437	French	grass	63	herbe	ɛrb	ɛ r b	905	ɛ r b	1121 153 257
438	German	grass	63	Gras	graːz	g r aː z	904	ɡ r aː z	831 153 1004 80
439	Hawaiian	grass	63	mau`u	mauʔu	m a u ʔ u	910	m a u ʔ u	241 997 868 409 868
440	Navajo	grass	63	tƚ'oh	tˡˀoh	tˡˀ o h	908	tɬʼ o h	508 887 405
441	Turkish	grass	63	ot	ot	o t	906	o t	887 120
442	Albanian	grease	64	dhjamë	ðjam	ð j a m	-393	ð j a m	419 570 997 241
443	English	grease	64	grease	gris	g r i s	-391	ɡ r i s	831 153 1076 89
444	French	grease	64	graisse	grɛs	g r ɛ s	391	ɡ r ɛ s	831 153 1121 89
445	German	grease	64	Fett	fet	f e t	-390	f e t	452 1089 120
446	Hawaiian	grease	64	`aila	ʔaila	ʔ a i l a	-396	ʔ a i l a	409 997 1076 554 997
447	Navajo	grease	64	'ak'ah	kˀah	kˀ a h	394	kʼ a h	776 997 405
448	Turkish	grease	64	yağ	jaɣ	j a ɣ	392	j a ɣ	570 997 780
449	Albanian	green	65	gjelbër	ɟelbər	ɟ e l b ə r	-1194	ɟ e l b ə r	609 1089 554 257 1022 153
450	English	green	65	green	grin	g r i n	1191	ɡ r i n	831 153 1076 107
451	French	green	65	vert	vɛrt	v ɛ r t	1192	v ɛ r t	451 1121 153 120
452	German	green	65	grün	gryːn	g r yː n	1191	ɡ r yː n	831 153 1049 107
453	Hawaiian	green	65	`ōma`oma`o	ʔoːmaʔomaʔo	ʔ oː m a ʔ o m a ʔ o	1196	ʔ oː m a ʔ o m a ʔ o	409 880 241 997 409 887 241 997 409 887
454	Navajo	green	65	dootƚ'izh	doːtˡˀiʒ	d oː tˡˀ i ʒ	1195	d oː tɬʼ i ʒ	145 880 508 1076 685
455	Turkish	green	65	yeşil	jeʃil	j e ʃ i l	1193	j e ʃ i l	570 1089 683 1076 554
456	Albanian	guts	66	zorrë	zorː	z o rː	103	z o rː	80 887 162
457	English	guts	66	guts	gət	g ə t	101	ɡ ə t	831 1022 120
458	French	guts	66	intestins	ɛ̃tɛstɛ̃	ɛ̃ t ɛ s t ɛ̃	-100	ɛ̃ t ɛ s t ɛ̃	1123 120 1121 89 120 1123
459	German	guts	66	Därme	darm	d a r m	99	d a r m	145 997 153 241
460	Hawaiian	guts	66	na`au	naʔau	n a ʔ a u	105	n a ʔ a u	107 997 409 997 868
461	Navajo	guts	66	'ach'íí'	ʧˀiːʔ	ʧˀ iː ʔ	104	tʃʼ iː ʔ	652 1068 409
462	Turkish	guts	66	barsaklar	barsak	b a r s a k	102	b a r s a k	257 997 153 89 997 838
463	Albanian	hair	67	flok	flok	f l o k	-382	f l o k	452 554 887 838
464	English	hair	67	hair	hɛr	h ɛ r	-379	h ɛ r	405 1121 153
465	French	hair	67	cheveux	ʃəvø	ʃ ə v ø	380	ʃ ə v ø	683 1022 451 1052
466	German	hair	67	Haare	haːr	h aː r	379	h aː r	405 1004 153
467	Hawaiian	hair	67	lauoho	lauoho	l a u o h o	384	l a u o h o	554 997 868 887 405 887
468	Navajo	hair	67	'atsiighá	ʦiːɣaʔ	ʦ iː ɣ a ʔ	383	ts iː ɣ a ʔ	15 1068 780 997 409
469	Turkish	hair	67	saç	saʧ	s a ʧ	381	s a tʃ	89 997 651
470	Albanian	hand	68	dorë	dor	d o r	1097	d o r	145 887 153
471	English	hand	68	hand	hand	h a n d	1094	h a n d	405 997 107 145
472	French	hand	68	main	mɛ̃	m ɛ̃	1095	m ɛ̃	241 1123
473	German	hand	68	Hand	hand	h a n d	1094	h a n d	405 997 107 145
474	Hawaiian	hand	68	lima	lima	l i m a	1099	l i m a	554 1076 241 997
475	Navajo	hand	68	'ála'	laʔ	l a ʔ	1098	l a ʔ	554 997 409
476	Turkish	hand	68	el	el	e l	1096	e l	1089 554
477	Albanian	he	69	ai	ai	a i	837	a i	997 1076
478	English	he	69	he	hi	h i	835	h i	405 1076
479	French	he	69	il	il	i l	834	i l	1076 554
480	German	he	69	er	eːr	eː r	833	eː r	1091 153
481	Hawaiian	he	69	ia	ia	i a	840	i a	1076 997
482	Navajo	he	69	bí	bi	b i	838	b i	257 1076
483	Turkish	he	69	o	on	o n	836	o n	887 107
484	Albanian	head	70	kokë	kok	k o k	762	k o k	838 887 838
485	English	head	70	head	hɛd	h ɛ d	760	h ɛ d	405 1121 145
486	French	head	70	tête	tɛt	t ɛ t	759	t ɛ t	120 1121 120
487	German	head	70	Kopf	kop͡f	k o p͡f	-758	k o pf	838 887 424
488	Hawaiian	head	70	po`o	poʔo	p o ʔ o	764	p o ʔ o	291 887 409 887
489	Navajo	head	70	'atsii'	ʦiːʔ	ʦ iː ʔ	763	ts iː ʔ	15 1068 409
490	Turkish	head	70	baş	baʃ	b a ʃ	761	b a ʃ	257 997 683
491	Albanian	hear	71	dëgjon	dəɟo	d ə ɟ o	789	d ə ɟ o	145 1022 609 887
492	English	hear	71	hears	hɪr	h ɪ r	786	h ɪ r	405 1110 153
493	French	hear	71	entend	ɑ̃tɑ̃d	ɑ̃ t ɑ̃ d	787	ɑ̃ t ɑ̃ d	951 120 951 145
494	German	hear	71	hört	høːr	h øː r	786	h øː r	405 1050 153
495	Hawaiian	hear	71	lohe	lohe	l o h e	792	l o h e	554 887 405 1089
496	Navajo	hear	71	diits'a'	diːʦˀaʔ	d iː ʦˀ a ʔ	790	d iː tsʼ a ʔ	145 1068 16 997 409
497	Turkish	hear	71	işitiyor	iʃit	i ʃ i t	788	i ʃ i t	1076 683 1076 120
498	Albanian	heart	72	zemër	zemər	z e m ə r	922	z e m ə r	80 1089 241 1022 153
499	English	heart	72	heart	hɑrt	h ɑ r t	920	h ɑ r t	405 952 153 120
500	French	heart	72	cœur	kœr	k œ r	920	k œ r	838 1059 153
501	German	heart	72	Herz	herʦən	h e r ʦ ə n	920	h e r ts ə n	405 1089 153 15 1022 107
502	Hawaiian	heart	72	pu`uwai	puʔuwai	p u ʔ u w a i	924	p u ʔ u w a i	291 868 409 868 462 997 1076
503	Navajo	heart	72	'ajéídíshjool	ʤeidiʃʤoːl	ʤ e i d i ʃ ʤ oː l	923	dʒ e i d i ʃ dʒ oː l	655 1089 1076 145 1076 683 655 880 554
504	Turkish	heart	72	yürek	jyrek	j y r e k	921	j y r e k	570 1047 153 1089 838
505	Albanian	heavy	73	rëndë	rənd	r ə n d	331	r ə n d	153 1022 107 145
506	English	heavy	73	heavy	hɛvi	h ɛ v i	329	h ɛ v i	405 1121 451 1076
507	French	heavy	73	lourd	lurd	l u r d	328	l u r d	554 868 153 145
508	German	heavy	73	schwer	ʃveːr	ʃ v eː r	327	ʃ v eː r	683 451 1091 153
509	Hawaiian	heavy	73	kaumaha	kaumaha	k a u m a h a	334	k a u m a h a	838 997 868 241 997 405 997
510	Navajo	heavy	73	ndaaz	ndaːz	n d aː z	332	n d aː z	107 145 1004 80
511	Turkish	heavy	73	ağır	aɣɯr	a ɣ ɯ r	330	a ɣ ɯ r	997 780 944 153
512	Albanian	here	74	këtu	kətu	k ə t u	523	k ə t u	838 1022 120 868
513	English	here	74	here	hɪr	h ɪ r	520	h ɪ r	405 1110 153
514	French	here	74	ici	isi	i s i	521	i s i	1076 89 1076
515	German	here	74	hier	hiːr	h iː r	520	h iː r	405 1068 153
516	Hawaiian	here	74	nei	nei	n e i	526	n e i	107 1089 1076
517	Navajo	here	74	kwe'é	kweʔe	kw e ʔ e	524	kʷ e ʔ e	834 1089 409 1089
518	Turkish	here	74	burada	bura	b u r a	522	b u r a	257 868 153 997
519	Albanian	hit	75	qëllon	cəło	c ə ł o	177	c ə lˠ o	606 1022 549 887
520	English	hit	75	hits	hɪt	h ɪ t	-175	h ɪ t	405 1110 120
521	French	hit	75	frappe	frape	f r a p e	-174	f r a p e	452 153 997 291 1089
522	German	hit	75	schlägt	ʃlaːg	ʃ l aː g	173	ʃ l aː ɡ	683 554 1004 831
523	Hawaiian	hit	75	ku`i	kuʔi	k u ʔ i	180	k u ʔ i	838 868 409 1076
524	Navajo	hit	75	ńdiists'in	ńdiːɬʦˀin	ń d iː ɬ ʦˀ i n	178	? d iː ɬ tsʼ i n	? 145 1068 540 16 1076 107
525	Turkish	hit	75	vuruyor	vur	v u r	176	v u r	451 868 153
526	Albanian	hold	76	mban	mba	m b a	811	m b a	241 257 997
527	English	hold	76	holds	hold	h o l d	808	h o l d	405 887 554 145
528	French	hold	76	tient	tən	t ə n	809	t ə n	120 1022 107
529	German	hold	76	hält	halt	h a l t	808	h a l t	405 997 554 120
530	Hawaiian	hold	76	pa`a	paʔa	p a ʔ a	813	p a ʔ a	291 997 409 997
531	Navajo	hold	76	yótą'	jotãʔ	j o t ã ʔ	812	j o t ã ʔ	570 887 120 1014 409
532	Turkish	hold	76	tutuyor	tut	t u t	810	t u t	120 868 120
533	Albanian	horn	77	bri	brir	b r i r	1085	b r i r	257 153 1076 153
534	English	horn	77	horn	hɔrn	h ɔ r n	1083	h ɔ r n	405 916 153 107
535	French	horn	77	corne	kɔrn	k ɔ r n	1083	k ɔ r n	838 916 153 107
536	German	horn	77	Horn	horn	h o r n	1083	h o r n	405 887 153 107
537	Hawaiian	horn	77	kiwi	kiwi	k i w i	1087	k i w i	838 1076 462 1076
538	Navajo	horn	77	'adee'	deːʔ	d eː ʔ	1086	d eː ʔ	145 1091 409
539	Turkish	horn	77	boynuz	bojnuz	b o j n u z	1084	b o j n u z	257 887 570 107 868 80
540	Albanian	hot	78	nxehtë	nʣeht	n ʣ e h t	999	n dz e h t	107 20 1089 405 120
541	English	hot	78	hot	hɑt	h ɑ t	996	h ɑ t	405 952 120
542	French	hot	78	chaud	ʃod	ʃ o d	997	ʃ o d	683 887 145
543	German	hot	78	heiß	hais	h ai s	996	h ai s	405 1037 89
544	Hawaiian	hot	78	wela	wela	w e l a	1001	w e l a	462 1089 554 997
545	Navajo	hot	78	sido	sido	s i d o	1000	s i d o	89 1076 145 887
546	Turkish	hot	78	sıcak	sɯjak	s ɯ j a k	998	s ɯ j a k	89 944 570 997 838
547	Albanian	human	79	njerí	ɲeri	ɲ e r i	49	ɲ e r i	595 1089 153 1076
548	English	human	79	human	hjumən	h j u m ə n	-47	h j u m ə n	405 570 868 241 1022 107
549	French	human	79	humain	ymɛn	y m ɛ n	-47	y m ɛ n	1047 241 1121 107
550	German	human	79	Mensch	menʃən	m e n ʃ ə n	46	m e n ʃ ə n	241 1089 107 683 1022 107
551	Hawaiian	human	79	kanaka	kanaka	k a n a k a	51	k a n a k a	838 997 107 997 838 997
552	Navajo	human	79	diné	dine	d i n e	50	d i n e	145 1076 107 1089
553	Turkish	human	79	adam	adam	a d a m	-48	a d a m	997 145 997 241
554	Albanian	hunt	80	gjuan	ɟua	ɟ u a	267	ɟ u a	609 868 997
555	English	hunt	80	hunts	hənt	h ə n t	265	h ə n t	405 1022 107 120
556	French	hunt	80	chasse	ʃase	ʃ a s e	264	ʃ a s e	683 997 89 1089
557	German	hunt	80	jagt	jaːg	j aː g	263	j aː ɡ	570 1004 831
558	Hawaiian	hunt	80	hahai	hahai	h a h a i	270	h a h a i	405 997 405 997 1076
559	Navajo	hunt	80	haalzheeh	haːlʒeːh	h aː l ʒ eː h	268	h aː l ʒ eː h	405 1004 554 685 1091 405
560	Turkish	hunt	80	avlıyor	avla	a v l a	266	a v l a	997 451 554 997
561	Albanian	husband	81	burrë	burː	b u rː	324	b u rː	257 868 162
562	English	husband	81	husband	həzbənd	h ə z b ə n d	-322	h ə z b ə n d	405 1022 80 257 1022 107 145
563	French	husband	81	mari	mari	m a r i	321	m a r i	241 997 153 1076
564	German	husband	81	Gatte	gatə	g a t ə	320	ɡ a t ə	831 997 120 1022
565	Hawaiian	husband	81	kāne	kaːne	k aː n e	326	k aː n e	838 1004 107 1089
566	Navajo	husband	81	hastiin	hastiːn	h a s t iː n	325	h a s t iː n	405 997 89 120 1068 107
567	Turkish	husband	81	koca	koʤa	k o ʤ a	-323	k o dʒ a	838 887 655 997
568	Albanian	I	82	unë	unə	u n ə	1068	u n ə	868 107 1022
569	English	I	82	I	ai	ai	1066	ai	1037
570	French	I	82	je	ʒə	ʒ ə	1066	ʒ ə	685 1022
571	German	I	82	ich	ix	i x	1066	i x	1076 778
572	Hawaiian	I	82	au	au	a u	1070	a u	997 868
573	Navajo	I	82	shí	ʃi	ʃ i	1069	ʃ i	683 1076
574	Turkish	I	82	ben	ben	b e n	1067	b e n	257 1089 107
575	Albanian	ice	83	akull	akuł	a k u ł	451	a k u lˠ	997 838 868 549
576	English	ice	83	ice	ais	ai s	448	ai s	1037 89
577	French	ice	83	glace	glas	g l a s	449	ɡ l a s	831 554 997 89
578	German	ice	83	Eis	ais	ai s	448	ai s	1037 89
579	Hawaiian	ice	83	hau	hau	h a u	453	h a u	405 997 868
580	Navajo	ice	83	tin	tin	t i n	452	t i n	120 1076 107
581	Turkish	ice	83	buz	buz	b u z	450	b u z	257 868 80
582	Albanian	if	84	në qoftë se	coft	c o f t	972	c o f t	606 887 452 120
583	English	if	84	if	ɪf	ɪ f	970	ɪ f	1110 452
584	French	if	84	si	si	s i	969	s i	89 1076
585	German	if	84	wenn	ven	v e n	968	v e n	451 1089 107
586	Hawaiian	if	84	inā	inaː	i n aː	974	i n aː	1076 107 1004
587	Navajo	if	84	-dąą	dãː	d ãː	973	d ãː	145 992
588	Turkish	if	84	eğer	eɣer	e ɣ e r	-971	e ɣ e r	1089 780 1089 153
589	Albanian	in	85	në	nə	n ə	957	n ə	107 1022
590	English	in	85	in	ɪn	ɪ n	957	ɪ n	1110 107
591	French	in	85	dans	dɑ̃	d ɑ̃	957	d ɑ̃	145 951
592	German	in	85	in	in	i n	957	i n	1076 107
593	Hawaiian	in	85	i loko	loko	l o k o	960	l o k o	554 887 838 887
594	Navajo	in	85	bii'	iːʔ	iː ʔ	959	iː ʔ	1068 409
595	Turkish	in	85	içinde	iʧin	i ʧ i n	958	i tʃ i n	1076 651 1076 107
596	Albanian	kill	86	vret	vr	v r	42	v r	451 153
597	English	kill	86	kills	kɪl	k ɪ l	40	k ɪ l	838 1110 554
598	French	kill	86	tue	tye	t y e	39	t y e	120 1047 1089
599	German	kill	86	tötet	tøːt	t øː t	38	t øː t	120 1050 120
600	Hawaiian	kill	86	pepehi ā make	pepehiaːmake	p e p e h i aː m a k e	45	p e p e h i aː m a k e	291 1089 291 1089 405 1076 1004 241 997 838 1089
601	Navajo	kill	86	'iishhé	ʔiːɣe	ʔ iː ɣ e	43	ʔ iː ɣ e	409 1068 780 1089
602	Turkish	kill	86	öldürüyor	øldyr	ø l d y r	41	ø l d y r	1052 554 145 1047 153
603	Albanian	knee	87	gju	ɟur	ɟ u r	1127	ɟ u r	609 868 153
604	English	knee	87	knee	ni	n i	1125	n i	107 1076
605	French	knee	87	genou	ʒənu	ʒ ə n u	1125	ʒ ə n u	685 1022 107 868
606	German	knee	87	Knie	kniː	k n iː	1125	k n iː	838 107 1068
607	Hawaiian	knee	87	kuli	kuli	k u l i	1129	k u l i	838 868 554 1076
608	Navajo	knee	87	'agod	god	g o d	1128	ɡ o d	831 887 145
609	Turkish	knee	87	diz	diz	d i z	1126	d i z	145 1076 80
610	Albanian	knife	88	thikë	θik	θ i k	489	θ i k	417 1076 838
611	English	knife	88	knife	naif	n ai f	487	n ai f	107 1037 452
612	French	knife	88	couteau	kuto	k u t o	486	k u t o	838 868 120 887
613	German	knife	88	Messer	mesər	m e s ə r	485	m e s ə r	241 1089 89 1022 153
614	Hawaiian	knife	88	pahi	pahi	p a h i	491	p a h i	291 997 405 1076
615	Navajo	knife	88	béésh	beːʃ	b eː ʃ	490	b eː ʃ	257 1091 683
616	Turkish	knife	88	bıçak	bɯʧak	b ɯ ʧ a k	488	b ɯ tʃ a k	257 944 651 997 838
617	Albanian	know	89	di	di	d i	1242	d i	145 1076
618	English	know	89	knows	no	n o	1240	n o	107 887
619	French	know	89	sait	sa	s a	1239	s a	89 997
620	German	know	89	weiß	vis	v i s	1238	v i s	451 1076 89
621	Hawaiian	know	89	`ike	ʔike	ʔ i k e	1245	ʔ i k e	409 1076 838 1089
622	Navajo	know	89	bééhózin	beːhozin	b eː h o z i n	1243	b eː h o z i n	257 1091 405 887 80 1076 107
623	Turkish	know	89	biliyor	bil	b i l	1241	b i l	257 1076 554
624	Albanian	lake	90	liqen	licen	l i c e n	-113	l i c e n	554 1076 606 1089 107
625	English	lake	90	lake	lek	l e k	-111	l e k	554 1089 838
626	French	lake	90	lac	lak	l a k	-111	l a k	554 997 838
627	German	lake	90	See	zeː	z eː	110	z eː	80 1091
628	Hawaiian	lake	90	loko	loko	l o k o	115	l o k o	554 887 838 887
629	Navajo	lake	90	tooh siyínígíí	toːh	t oː h	114	t oː h	120 880 405
630	Turkish	lake	90	göl	gøl	g ø l	112	ɡ ø l	831 1052 554
631	Albanian	laugh	91	qesh	ceʃ	c e ʃ	679	c e ʃ	606 1089 683
632	English	laugh	91	laughs	laf	l a f	676	l a f	554 997 452
633	French	laugh	91	rit	ri	r i	677	r i	153 1076
634	German	laugh	91	lacht	lax	l a x	676	l a x	554 997 778
635	Hawaiian	laugh	91	`aka	ʔaka	ʔ a k a	681	ʔ a k a	409 997 838 997
636	Navajo	laugh	91	yidloh	jidˡoh	j i dˡ o h	680	j i dˡ o h	570 1076 146 887 405
637	Turkish	laugh	91	gülüyor	gyl	g y l	678	ɡ y l	831 1047 554
638	Albanian	leaf	92	gjethe	ɟeθ	ɟ e θ	430	ɟ e θ	609 1089 417
639	English	leaf	92	leaf	lif	l i f	428	l i f	554 1076 452
640	French	leaf	92	feuille	fœj	f œ j	427	f œ j	452 1059 570
641	German	leaf	92	Blatt	blat	b l a t	426	b l a t	257 554 997 120
642	Hawaiian	leaf	92	lau	lau	l a u	432	l a u	554 997 868
643	Navajo	leaf	92	'at'ąą'	tˀãːʔ	tˀ ãː ʔ	431	tʼ ãː ʔ	60 992 409
644	Turkish	leaf	92	yaprak	japrak	j a p r a k	429	j a p r a k	570 997 291 153 997 838
645	Albanian	left	93	majtë	majt	m a j t	1218	m a j t	241 997 570 120
646	English	left	93	left	lɛft	l ɛ f t	1216	l ɛ f t	554 1121 452 120
647	French	left	93	gauche	goʃ	g o ʃ	-1215	ɡ o ʃ	831 887 683
648	German	left	93	link	liŋk	l i ŋ k	1214	l i ŋ k	554 1076 801 838
649	Hawaiian	left	93	hema	hema	h e m a	1221	h e m a	405 1089 241 997
650	Navajo	left	93	nishtƚ'a	niʃtˡˀa	n i ʃ tˡˀ a	1219	n i ʃ tɬʼ a	107 1076 683 508 997
651	Turkish	left	93	sol	sol	s o l	1217	s o l	89 887 554
652	Albanian	lie	94	(rri) shtrirë	ʃtrir	ʃ t r i r	978	ʃ t r i r	683 120 153 1076 153
653	English	lie	94	lies	lai	l ai	975	l ai	554 1037
654	French	lie	94	(est) allongé	alɔ̃ʒe	a l ɔ̃ ʒ e	976	a l ɔ̃ ʒ e	997 554 915 685 1089
655	German	lie	94	liegt	liːg	l iː g	975	l iː ɡ	554 1068 831
656	Hawaiian	lie	94	moe	moe	m o e	981	m o e	241 887 1089
657	Navajo	lie	94	sitį́	sitĩ́	s i t ĩ́	979	s i t ĩ	89 1076 120 1078
658	Turkish	lie	94	yatıyor	jat	j a t	977	j a t	570 997 120
659	Albanian	liver	95	mëlçi	məlʧi	m ə l ʧ i	796	m ə l tʃ i	241 1022 554 651 1076
660	English	liver	95	liver	lɪvər	l ɪ v ə r	793	l ɪ v ə r	554 1110 451 1022 153
661	French	liver	95	foie	fwa	f w a	-794	f w a	452 462 997
662	German	liver	95	Leber	leːbər	l eː b ə r	793	l eː b ə r	554 1091 257 1022 153
663	Hawaiian	liver	95	ake	ake	a k e	799	a k e	997 838 1089
664	Navajo	liver	95	'azid	zid	z i d	797	z i d	80 1076 145
665	Turkish	liver	95	ciğer	ʤiɣer	ʤ i ɣ e r	-795	dʒ i ɣ e r	655 1076 780 1089 153
666	Albanian	long	96	gjatë	ɟat	ɟ a t	728	ɟ a t	609 997 120
667	English	long	96	long	lɔŋ	l ɔ ŋ	728	l ɔ ŋ	554 916 801
668	French	long	96	long	lɔ̃g	l ɔ̃ g	728	l ɔ̃ ɡ	554 915 831
669	German	long	96	lang	laŋ	l a ŋ	728	l a ŋ	554 997 801
670	Hawaiian	long	96	loa	loa	l o a	731	l o a	554 887 997
671	Navajo	long	96	nineez	nineːz	n i n eː z	730	n i n eː z	107 1076 107 1091 80
672	Turkish	long	96	uzun	uzun	u z u n	729	u z u n	868 80 868 107
673	Albanian	louse	97	morr	morː	m o rː	601	m o rː	241 887 162
674	English	louse	97	louse	laus	l au s	598	l au s	554 1033 89
675	French	louse	97	pou	pu	p u	599	p u	291 868
676	German	louse	97	Laus	lauz	l au z	598	l au z	554 1033 80
677	Hawaiian	louse	97	`uku	ʔuku	ʔ u k u	603	ʔ u k u	409 868 838 868
678	Navajo	louse	97	yaa'	jaːʔ	j aː ʔ	602	j aː ʔ	570 1004 409
679	Turkish	louse	97	bit	bit	b i t	600	b i t	257 1076 120
680	Albanian	man	98	burrë	burː	b u rː	1146	b u rː	257 868 162
681	English	man	98	man	man	m a n	1143	m a n	241 997 107
682	French	man	98	homme	ɔm	ɔ m	1144	ɔ m	916 241
683	German	man	98	Mann	man	m a n	1143	m a n	241 997 107
684	Hawaiian	man	98	kāne	kaːne	k aː n e	1149	k aː n e	838 1004 107 1089
685	Navajo	man	98	hastiin	hastiːn	h a s t iː n	1147	h a s t iː n	405 997 89 120 1068 107
686	Turkish	man	98	erkek	erkek	e r k e k	1145	e r k e k	1089 153 838 1089 838
687	Albanian	many	99	shumë	ʃum	ʃ u m	-594	ʃ u m	683 868 241
688	English	many	99	many	mɛni	m ɛ n i	592	m ɛ n i	241 1121 107 1076
689	French	many	99	beaucoup de	boku	b o k u	591	b o k u	257 887 838 868
690	German	many	99	viele	fiːl	f iː l	590	f iː l	452 1068 554
691	Hawaiian	many	99	nui	nui	n u i	597	n u i	107 868 1076
692	Navajo	many	99	lą'í	lãʔi	l ã ʔ i	595	l ã ʔ i	554 1014 409 1076
693	Turkish	many	99	çok	ʧok	ʧ o k	-593	tʃ o k	651 887 838
694	Albanian	meat	100	mish	miʃ	m i ʃ	252	m i ʃ	241 1076 683
695	English	meat	100	meat	mit	m i t	250	m i t	241 1076 120
696	French	meat	100	viande	vjɑ̃d	v j ɑ̃ d	249	v j ɑ̃ d	451 570 951 145
697	German	meat	100	Fleisch	flaiʃ	f l ai ʃ	248	f l ai ʃ	452 554 1037 683
698	Hawaiian	meat	100	`i`o	ʔiʔo	ʔ i ʔ o	255	ʔ i ʔ o	409 1076 409 887
699	Navajo	meat	100	'atsį'	ʦĩʔ	ʦ ĩ ʔ	253	ts ĩ ʔ	15 1078 409
700	Turkish	meat	100	et	et	e t	251	e t	1089 120
701	Albanian	moon	101	hënë	hən	h ə n	457	h ə n	405 1022 107
702	English	moon	101	moon	mun	m u n	454	m u n	241 868 107
703	French	moon	101	lune	lyn	l y n	455	l y n	554 1047 107
704	German	moon	101	Mond	moːnd	m oː n d	454	m oː n d	241 880 107 145
705	Hawaiian	moon	101	mahina	mahina	m a h i n a	459	m a h i n a	241 997 405 1076 107 997
706	Navajo	moon	101	'ooljéé'	ʔoːlʤeːʔ	ʔ oː l ʤ eː ʔ	458	ʔ oː l dʒ eː ʔ	409 880 554 655 1091 409
707	Turkish	moon	101	ay	aj	a j	456	a j	997 570
708	Albanian	mother	102	nënë	nən	n ə n	1199	n ə n	107 1022 107
709	English	mother	102	mother	məðər	m ə ð ə r	1197	m ə ð ə r	241 1022 419 1022 153
710	French	mother	102	mère	mɛr	m ɛ r	1197	m ɛ r	241 1121 153
711	German	mother	102	Mutter	mutər	m u t ə r	1197	m u t ə r	241 868 120 1022 153
712	Hawaiian	mother	102	makuahine	makuahine	m a k u a h i n e	1201	m a k u a h i n e	241 997 838 868 997 405 1076 107 1089
713	Navajo	mother	102	'amá	may	m ay	1200	m ?	241 ?
714	Turkish	mother	102	anne	anne	a n n e	1198	a n n e	997 107 107 1089
715	Albanian	mountain	103	mal	mal	m a l	1063	m a l	241 997 554
716	English	mountain	103	mountain	mauntən	m au n t ə n	-1061	m au n t ə n	241 1033 107 120 1022 107
717	French	mountain	103	montagne	mɔ̃taɲ	m ɔ̃ t a ɲ	1061	m ɔ̃ t a ɲ	241 915 120 997 595
718	German	mountain	103	Berg	berg	b e r g	1060	b e r ɡ	257 1089 153 831
719	Hawaiian	mountain	103	mauna	mauna	m a u n a	1065	m a u n a	241 997 868 107 997
720	Navajo	mountain	103	dziƚ	ʣiɬ	ʣ i ɬ	1064	dz i ɬ	20 1076 540
721	Turkish	mountain	103	dağ	daɣ	d a ɣ	1062	d a ɣ	145 997 780
722	Albanian	mouth	104	gojë	goj	g o j	-1108	ɡ o j	831 887 570
723	English	mouth	104	mouth	mauθ	m au θ	1105	m au θ	241 1033 417
724	French	mouth	104	bouche	buʃ	b u ʃ	1106	b u ʃ	257 868 683
725	German	mouth	104	Mund	mund	m u n d	1105	m u n d	241 868 107 145
726	Hawaiian	mouth	104	waha	waha	w a h a	1111	w a h a	462 997 405 997
727	Navajo	mouth	104	'azéé'	zeːʔ	z eː ʔ	1109	z eː ʔ	80 1091 409
728	Turkish	mouth	104	ağız	aɣz	a ɣ z	1107	a ɣ z	997 780 80
729	Albanian	name	105	emër	emər	e m ə r	244	e m ə r	1089 241 1022 153
730	English	name	105	name	nem	n e m	244	n e m	107 1089 241
731	French	name	105	nom	nɔ̃	n ɔ̃	244	n ɔ̃	107 915
732	German	name	105	Name	naːmən	n aː m ə n	244	n aː m ə n	107 1004 241 1022 107
733	Hawaiian	name	105	inoa	inoa	i n o a	247	i n o a	1076 107 887 997
734	Navajo	name	105	'ázhi'	ʒiʔ	ʒ i ʔ	246	ʒ i ʔ	685 1076 409
735	Turkish	name	105	ad	ad	a d	245	a d	997 145
736	Albanian	narrow	106	ngushtë	nguʃt	n g u ʃ t	-630	n ɡ u ʃ t	107 831 868 683 120
737	English	narrow	106	narrow	naro	n a r o	632	n a r o	107 997 153 887
738	French	narrow	106	étroit	etrwat	e t r w a t	631	e t r w a t	1089 120 153 462 997 120
739	German	narrow	106	eng	eŋ	e ŋ	630	e ŋ	1089 801
740	Hawaiian	narrow	106	lā`iki	laːʔiki	l aː ʔ i k i	635	l aː ʔ i k i	554 1004 409 1076 838 1076
741	Navajo	narrow	106	'áƚts'óózí	ʔayɬʦˀoːzi	ʔ ay ɬ ʦˀ oː z i	634	ʔ ? ɬ tsʼ oː z i	409 ? 540 16 880 80 1076
742	Turkish	narrow	106	dar	dar	d a r	633	d a r	145 997 153
743	Albanian	near	107	afër	afər	a f ə r	892	a f ə r	997 452 1022 153
744	English	near	107	near	nɪr	n ɪ r	889	n ɪ r	107 1110 153
745	French	near	107	près de	prɛ	p r ɛ	890	p r ɛ	291 153 1121
746	German	near	107	nah	naː	n aː	889	n aː	107 1004
747	Hawaiian	near	107	kokoke	kokoke	k o k o k e	895	k o k o k e	838 887 838 887 838 1089
748	Navajo	near	107	'áhání	ʔayhayni	ʔ ay h ay n i	893	ʔ ? h ? n i	409 ? 405 ? 107 1076
749	Turkish	near	107	yakın	jakɯn	j a k ɯ n	891	j a k ɯ n	570 997 838 944 107
750	Albanian	neck	108	qafë	caf	c a f	-1158	c a f	606 997 452
751	English	neck	108	neck	nɛk	n ɛ k	1156	n ɛ k	107 1121 838
752	French	neck	108	cou	ku	k u	1155	k u	838 868
753	German	neck	108	Hals	halz	h a l z	1155	h a l z	405 997 554 80
754	Hawaiian	neck	108	`ā`ī	ʔaːʔiː	ʔ aː ʔ iː	1160	ʔ aː ʔ iː	409 1004 409 1068
755	Navajo	neck	108	'ak'os	kˀos	kˀ o s	1159	kʼ o s	776 887 89
756	Turkish	neck	108	boyun	bojn	b o j n	1157	b o j n	257 887 570 107
757	Albanian	new	109	ri	ri	r i	475	r i	153 1076
758	English	new	109	new	nu	n u	473	n u	107 868
759	French	new	109	nouveau	nuvɛl	n u v ɛ l	473	n u v ɛ l	107 868 451 1121 554
760	German	new	109	neu	noi	n oi	473	n oi	107 935
761	Hawaiian	new	109	hou	hou	h o u	477	h o u	405 887 868
762	Navajo	new	109	'ániid	niːd	n iː d	476	n iː d	107 1068 145
763	Turkish	new	109	yeni	jeni	j e n i	474	j e n i	570 1089 107 1076
764	Albanian	night	110	natë	nat	n a t	289	n a t	107 997 120
765	English	night	110	night	nait	n ai t	289	n ai t	107 1037 120
766	French	night	110	nuit	nɥi	n ɥ i	289	n ɥ i	107 458 1076
767	German	night	110	Nacht	naxt	n a x t	289	n a x t	107 997 778 120
768	Hawaiian	night	110	pō	poː	p oː	292	p oː	291 880
769	Navajo	night	110	tl'éé'	tˡˀeːʔ	tˡˀ eː ʔ	291	tɬʼ eː ʔ	508 1091 409
770	Turkish	night	110	gece	geʤe	g e ʤ e	290	ɡ e dʒ e	831 1089 655 1089
771	Albanian	nose	111	hundë	hund	h u n d	286	h u n d	405 868 107 145
772	English	nose	111	nose	noz	n o z	284	n o z	107 887 80
773	French	nose	111	nez	ne	n e	284	n e	107 1089
774	German	nose	111	Nase	naːzə	n aː z ə	284	n aː z ə	107 1004 80 1022
775	Hawaiian	nose	111	ihu	ihu	i h u	288	i h u	1076 405 868
776	Navajo	nose	111	'áchį́į́h	ʧĩ́ːh	ʧ ĩ́ː h	287	tʃ ĩː h	651 1066 405
777	Turkish	nose	111	burun	burn	b u r n	285	b u r n	257 868 153 107
778	Albanian	not	112	nuk	nuk	n u k	27	n u k	107 868 838
779	English	not	112	not	nɑt	n ɑ t	24	n ɑ t	107 952 120
780	French	not	112	ne...pas	pa	p a	25	p a	291 997
781	German	not	112	nicht	nixt	n i x t	24	n i x t	107 1076 778 120
782	Hawaiian	not	112	`a`ole	ʔaʔole	ʔ a ʔ o l e	29	ʔ a ʔ o l e	409 997 409 887 554 1089
783	Navajo	not	112	doo...da	doː	d oː	28	d oː	145 880
784	Turkish	not	112	değil	deɣil	d e ɣ i l	26	d e ɣ i l	145 1089 780 1076 554
785	Albanian	now	113	tani	tani	t a n i	235	t a n i	120 997 107 1076
786	English	now	113	now	nau	n au	232	n au	107 1033
787	French	now	113	maintenant	mɛ̃tnɑ̃	m ɛ̃ t n ɑ̃	233	m ɛ̃ t n ɑ̃	241 1123 120 107 951
788	German	now	113	nun	nuːn	n uː n	232	n uː n	107 860 107
789	Hawaiian	now	113	`ānō	ʔaːnoː	ʔ aː n oː	237	ʔ aː n oː	409 1004 107 880
790	Navajo	now	113	k'ad	kˀad	kˀ a d	236	kʼ a d	776 997 145
791	Turkish	now	113	şimdi	ʃimdi	ʃ i m d i	234	ʃ i m d i	683 1076 241 145 1076
792	Albanian	old	114	vjetër	vjetər	v j e t ə r	-343	v j e t ə r	451 570 1089 120 1022 153
793	English	old	114	old	old	o l d	342	o l d	887 554 145
794	French	old	114	vieil	vjɛj	v j ɛ j	343	v j ɛ j	451 570 1121 570
795	German	old	114	alt	alt	a l t	342	a l t	997 554 120
796	Hawaiian	old	114	o`o	oʔo	o ʔ o	346	o ʔ o	887 409 887
797	Navajo	old	114	sání	sayni	s ay n i	345	s ? n i	89 ? 107 1076
798	Turkish	old	114	ihtiyar	ihtijar	i h t i j a r	-344	i h t i j a r	1076 405 120 1076 570 997 153
799	Albanian	one	115	një	ɲə	ɲ ə	663	ɲ ə	595 1022
800	English	one	115	one	wən	w ə n	661	w ə n	462 1022 107
801	French	one	115	un	œ̃	œ̃	661	œ̃	1056
802	German	one	115	eins	ain	ai n	661	ai n	1037 107
803	Hawaiian	one	115	`ekahi	ʔekahi	ʔ e k a h i	665	ʔ e k a h i	409 1089 838 997 405 1076
804	Navajo	one	115	ƚáa'ii	ɬayʔiː	ɬ ay ʔ iː	664	ɬ ? ʔ iː	540 ? 409 1068
805	Turkish	one	115	bir	bir	b i r	662	b i r	257 1076 153
806	Albanian	other	116	tjetër	tjetər	t j e t ə r	1005	t j e t ə r	120 570 1089 120 1022 153
807	English	other	116	other	əðər	ə ð ə r	1002	ə ð ə r	1022 419 1022 153
808	French	other	116	autre	otr	o t r	1003	o t r	887 120 153
809	German	other	116	anderer	andər	a n d ə r	1002	a n d ə r	997 107 145 1022 153
810	Hawaiian	other	116	`ē a`e	ʔeː	ʔ eː	1007	ʔ eː	409 1091
811	Navajo	other	116	ƚah	ɬah	ɬ a h	1006	ɬ a h	540 997 405
812	Turkish	other	116	başka	baʃka	b a ʃ k a	1004	b a ʃ k a	257 997 683 838 997
813	Albanian	path	117	shteg	ʃteg	ʃ t e g	557	ʃ t e ɡ	683 120 1089 831
814	English	path	117	path	paθ	p a θ	554	p a θ	291 997 417
815	French	path	117	sentier	sɑ̃tje	s ɑ̃ t j e	555	s ɑ̃ t j e	89 951 120 570 1089
816	German	path	117	Pfad	p͡faːd	p͡f aː d	554	pf aː d	424 1004 145
817	Hawaiian	path	117	ala	ala	a l a	559	a l a	997 554 997
818	Navajo	path	117	'atiin	tiːn	t iː n	558	t iː n	120 1068 107
819	Turkish	path	117	yol	jol	j o l	556	j o l	570 887 554
820	Albanian	play	118	luan	lua	l u a	1051	l u a	554 868 997
821	English	play	118	plays	ple	p l e	1049	p l e	291 554 1089
822	French	play	118	joue	ʒue	ʒ u e	1048	ʒ u e	685 868 1089
823	German	play	118	spielt	ʃpiːl	ʃ p iː l	1047	ʃ p iː l	683 291 1068 554
824	Hawaiian	play	118	pā`ani	paːʔani	p aː ʔ a n i	1054	p aː ʔ a n i	291 1004 409 997 107 1076
825	Navajo	play	118	naashné	naːne	n aː n e	1052	n aː n e	107 1004 107 1089
826	Turkish	play	118	oynayor	ojna	o j n a	1050	o j n a	887 570 107 997
827	Albanian	pull	119	tërheq	tərhec	t ə r h e c	851	t ə r h e c	120 1022 153 405 1089 606
828	English	pull	119	pulls	pʊl	p ʊ l	849	p ʊ l	291 904 554
829	French	pull	119	tire	tire	t i r e	848	t i r e	120 1076 153 1089
830	German	pull	119	zieht	ʦiː	ʦ iː	847	ts iː	15 1068
831	Hawaiian	pull	119	huki	huki	h u k i	854	h u k i	405 868 838 1076
832	Navajo	pull	119	yisdzį́į́s	jiʣĩ́ːs	j i ʣ ĩ́ː s	852	j i dz ĩː s	570 1076 20 1066 89
833	Turkish	pull	119	çekiyor	ʧek	ʧ e k	850	tʃ e k	651 1089 838
834	Albanian	push	120	shtyn	ʃty	ʃ t y	1202	ʃ t y	683 120 1047
835	English	push	120	pushes	pʊʃ	p ʊ ʃ	-1203	p ʊ ʃ	291 904 683
836	French	push	120	pousse	puse	p u s e	1203	p u s e	291 868 89 1089
837	German	push	120	stößt	ʃtoːs	ʃ t oː s	1202	ʃ t oː s	683 120 880 89
838	Hawaiian	push	120	pahu	pahu	p a h u	1207	p a h u	291 997 405 868
839	Navajo	push	120	béshhííƚ	beɣiːɬ	b e ɣ iː ɬ	1205	b e ɣ iː ɬ	257 1089 780 1068 540
840	Turkish	push	120	itiyor	it	i t	1204	i t	1076 120
841	Albanian	rain	121	shi	ʃi	ʃ i	1091	ʃ i	683 1076
842	English	rain	121	rain	ren	r e n	1088	r e n	153 1089 107
843	French	rain	121	pluie	plɥi	p l ɥ i	1089	p l ɥ i	291 554 458 1076
844	German	rain	121	Regen	reːgən	r eː g ə n	1088	r eː ɡ ə n	153 1091 831 1022 107
845	Hawaiian	rain	121	ua	ua	u a	1093	u a	868 997
846	Navajo	rain	121	níƚtsą́	niɬʦã́	n i ɬ ʦ ã́	1092	n i ɬ ts ã	107 1076 540 15 1014
847	Turkish	rain	121	yağmur	jaɣmur	j a ɣ m u r	1090	j a ɣ m u r	570 997 780 241 868 153
848	Albanian	red	122	kuq	kuc	k u c	-703	k u c	838 868 606
849	English	red	122	red	rɛd	r ɛ d	701	r ɛ d	153 1121 145
850	French	red	122	rouge	ruʒ	r u ʒ	701	r u ʒ	153 868 685
851	German	red	122	rot	roːt	r oː t	701	r oː t	153 880 120
852	Hawaiian	red	122	`ula	ʔula	ʔ u l a	705	ʔ u l a	409 868 554 997
853	Navajo	red	122	ƚichííh	ɬiʧiːh	ɬ i ʧ iː h	704	ɬ i tʃ iː h	540 1076 651 1068 405
854	Turkish	red	122	kızıl	kɯzɯl	k ɯ z ɯ l	702	k ɯ z ɯ l	838 944 80 944 554
855	Albanian	right	123	djathtë	djaθt	d j a θ t	673	d j a θ t	145 570 997 417 120
856	English	right	123	right	rait	r ai t	671	r ai t	153 1037 120
857	French	right	123	droit	drwat	d r w a t	671	d r w a t	145 153 462 997 120
858	German	right	123	recht	rext	r e x t	671	r e x t	153 1089 778 120
859	Hawaiian	right	123	`ākau	ʔaːkau	ʔ aː k a u	675	ʔ aː k a u	409 1004 838 997 868
860	Navajo	right	123	nish'ná	niʃnay	n i ʃ n ay	674	n i ʃ n ?	107 1076 683 107 ?
861	Turkish	right	123	sağ	saɣ	s a ɣ	672	s a ɣ	89 997 780
862	Albanian	river	124	lumë	lum	l u m	312	l u m	554 868 241
863	English	river	124	river	rɪvər	r ɪ v ə r	-310	r ɪ v ə r	153 1110 451 1022 153
864	French	river	124	fleuve	fløv	f l ø v	-309	f l ø v	452 554 1052 451
865	German	river	124	Fluss	flus	f l u s	308	f l u s	452 554 868 89
866	Hawaiian	river	124	kahawai	kahawai	k a h a w a i	314	k a h a w a i	838 997 405 997 462 997 1076
867	Navajo	river	124	tooh	toːh	t oː h	313	t oː h	120 880 405
868	Turkish	river	124	nehir	nehir	n e h i r	-311	n e h i r	107 1089 405 1076 153
869	Albanian	root	125	rrënjë	rːəɲ	rː ə ɲ	911	rː ə ɲ	162 1022 595
870	English	root	125	root	rut	r u t	-911	r u t	153 868 120
871	French	root	125	racine	rasin	r a s i n	911	r a s i n	153 997 89 1076 107
872	German	root	125	Wurzel	vurʦəl	v u r ʦ ə l	911	v u r ts ə l	451 868 153 15 1022 554
873	Hawaiian	root	125	a`a	aʔa	a ʔ a	914	a ʔ a	997 409 997
874	Navajo	root	125	'akétl'óól	ketˡˀoːl	k e tˡˀ oː l	913	k e tɬʼ oː l	838 1089 508 880 554
875	Turkish	root	125	kök	køk	k ø k	912	k ø k	838 1052 838
876	Albanian	rotten	126	kalbur	kalbur	k a l b u r	463	k a l b u r	838 997 554 257 868 153
877	English	rotten	126	rotten	rɑtən	r ɑ t ə n	-461	r ɑ t ə n	153 952 120 1022 107
878	French	rotten	126	pourri	puri	p u r i	460	p u r i	291 868 153 1076
879	German	rotten	126	faul	faul	f au l	460	f au l	452 1033 554
880	Hawaiian	rotten	126	pilau	pilau	p i l a u	465	p i l a u	291 1076 554 997 868
881	Navajo	rotten	126	diƚdzííd	diɬʣiːd	d i ɬ ʣ iː d	464	d i ɬ dz iː d	145 1076 540 20 1068 145
882	Turkish	rotten	126	çürük	ʧyryk	ʧ y r y k	462	tʃ y r y k	651 1047 153 1047 838
883	Albanian	round	127	rrumbullák	rːumbułak	rː u m b u ł a k	317	rː u m b u lˠ a k	162 868 241 257 868 549 997 838
884	English	round	127	round	raund	r au n d	-315	r au n d	153 1033 107 145
885	French	round	127	rond	rɔ̃d	r ɔ̃ d	315	r ɔ̃ d	153 915 145
886	German	round	127	rund	rund	r u n d	-315	r u n d	153 868 107 145
887	Hawaiian	round	127	poepoe	poepoe	p o e p o e	319	p o e p o e	291 887 1089 291 887 1089
888	Navajo	round	127	nímaz	nimaz	n i m a z	318	n i m a z	107 1076 241 997 80
889	Turkish	round	127	yuvarlak	juvarlak	j u v a r l a k	316	j u v a r l a k	570 868 451 997 153 554 997 838
890	Albanian	rub	128	fërkon	fərko	f ə r k o	-511	f ə r k o	452 1022 153 838 887
891	English	rub	128	rubs	rəb	r ə b	509	r ə b	153 1022 257
892	French	rub	128	frotte	frɔte	f r ɔ t e	508	f r ɔ t e	452 153 916 120 1089
893	German	rub	128	reibt	raib	r ai b	507	r ai b	153 1037 257
894	Hawaiian	rub	128	`ānai	ʔaːnai	ʔ aː n a i	513	ʔ aː n a i	409 1004 107 997 1076
895	Navajo	rub	128	bídinishhish	bidiniɣiʃ	b i d i n i ɣ i ʃ	512	b i d i n i ɣ i ʃ	257 1076 145 1076 107 1076 780 1076 683
896	Turkish	rub	128	sürtüyor	syrt	s y r t	510	s y r t	89 1047 153 120
897	Albanian	salt	129	kripë	krip	k r i p	1171	k r i p	838 153 1076 291
898	English	salt	129	salt	sɔlt	s ɔ l t	1169	s ɔ l t	89 916 554 120
899	French	salt	129	sel	sɛl	s ɛ l	1169	s ɛ l	89 1121 554
900	German	salt	129	Salz	zalʦ	z a l ʦ	1169	z a l ts	80 997 554 15
901	Hawaiian	salt	129	pa`akai	paʔakai	p a ʔ a k a i	1173	p a ʔ a k a i	291 997 409 997 838 997 1076
902	Navajo	salt	129	'áshįįh	ʔayʃĩːh	ʔ ay ʃ ĩː h	1172	ʔ ? ʃ ĩː h	409 ? 683 1066 405
903	Turkish	salt	129	tuz	tuz	t u z	1170	t u z	120 868 80
904	Albanian	sand	130	rërë	rər	r ə r	-445	r ə r	153 1022 153
905	English	sand	130	sand	sand	s a n d	442	s a n d	89 997 107 145
906	French	sand	130	sable	sabl	s a b l	443	s a b l	89 997 257 554
907	German	sand	130	Sand	zand	z a n d	442	z a n d	80 997 107 145
908	Hawaiian	sand	130	one	one	o n e	447	o n e	887 107 1089
909	Navajo	sand	130	séí	sei	s e i	446	s e i	89 1089 1076
910	Turkish	sand	130	kum	kum	k u m	444	k u m	838 868 241
911	Albanian	say	131	thotë	θ	θ	942	θ	417
912	English	say	131	says	se	s e	939	s e	89 1089
913	French	say	131	dit	di	d i	940	d i	145 1076
914	German	say	131	sagt	zaːg	z aː g	939	z aː ɡ	80 1004 831
915	Hawaiian	say	131	`ōlelo	ʔoːlelo	ʔ oː l e l o	944	ʔ oː l e l o	409 880 554 1089 554 887
916	Navajo	say	131	ní	ni	n i	943	n i	107 1076
917	Turkish	say	131	diyor	de	d e	941	d e	145 1089
918	Albanian	scratch	132	gërvish	gərviʃ	g ə r v i ʃ	8	ɡ ə r v i ʃ	831 1022 153 451 1076 683
919	English	scratch	132	scratches	skraʧ	s k r a ʧ	9	s k r a tʃ	89 838 153 997 651
920	French	scratch	132	gratte	grat	g r a t	-8	ɡ r a t	831 153 997 120
921	German	scratch	132	kratzt	kraʦ	k r a ʦ	8	k r a ts	838 153 997 15
922	Hawaiian	scratch	132	walu	walu	w a l u	13	w a l u	462 997 554 868
923	Navajo	scratch	132	'ashch'id	ʔaʧˀid	ʔ a ʧˀ i d	11	ʔ a tʃʼ i d	409 997 652 1076 145
924	Turkish	scratch	132	tırmalıyor	tɯrmala	t ɯ r m a l a	10	t ɯ r m a l a	120 944 153 241 997 554 997
925	Albanian	sea	133	det	det	d e t	400	d e t	145 1089 120
926	English	sea	133	sea	si	s i	397	s i	89 1076
927	French	sea	133	mer	mɛr	m ɛ r	398	m ɛ r	241 1121 153
928	German	sea	133	See	zeː	z eː	397	z eː	80 1091
929	Hawaiian	sea	133	kai	kai	k a i	402	k a i	838 997 1076
930	Navajo	sea	133	tónteel	tonteːl	t o n t eː l	401	t o n t eː l	120 887 107 120 1091 554
931	Turkish	sea	133	deniz	deniz	d e n i z	399	d e n i z	145 1089 107 1076 80
932	Albanian	see	134	sheh	ʃ	ʃ	385	ʃ	683
933	English	see	134	sees	si	s i	385	s i	89 1076
934	French	see	134	voit	vwa	v w a	386	v w a	451 462 997
935	German	see	134	sieht	zeː	z eː	385	z eː	80 1091
936	Hawaiian	see	134	`ike	ʔike	ʔ i k e	389	ʔ i k e	409 1076 838 1089
937	Navajo	see	134	yish'į́	jiʔĩ́	j i ʔ ĩ́	388	j i ʔ ĩ	570 1076 409 1078
938	Turkish	see	134	görüyor	gør	g ø r	387	ɡ ø r	831 1052 153
939	Albanian	seed	135	farë	far	f a r	948	f a r	452 997 153
940	English	seed	135	seed	sid	s i d	945	s i d	89 1076 145
941	French	seed	135	graine	grɛn	g r ɛ n	946	ɡ r ɛ n	831 153 1121 107
942	German	seed	135	Same	zaːmən	z aː m ə n	945	z aː m ə n	80 1004 241 1022 107
943	Hawaiian	seed	135	`ano`ano	ʔanoʔano	ʔ a n o ʔ a n o	950	ʔ a n o ʔ a n o	409 997 107 887 409 997 107 887
944	Navajo	seed	135	k'eelyéí	kˀeːljei	kˀ eː l j e i	949	kʼ eː l j e i	776 1091 554 570 1089 1076
945	Turkish	seed	135	tohum	tohum	t o h u m	-947	t o h u m	120 887 405 868 241
946	Albanian	sew	136	qep	cep	c e p	646	c e p	606 1089 291
947	English	sew	136	sews	so	s o	644	s o	89 887
948	French	sew	136	coud	kuz	k u z	644	k u z	838 868 80
949	German	sew	136	näht	neː	n eː	643	n eː	107 1091
950	Hawaiian	sew	136	humu	humu	h u m u	648	h u m u	405 868 241 868
951	Navajo	sew	136	náiƚkad	nayiɬkad	n ay i ɬ k a d	647	n ? i ɬ k a d	107 ? 1076 540 838 997 145
952	Turkish	sew	136	dikiyor	dik	d i k	645	d i k	145 1076 838
953	Albanian	sharp	137	mprehtë	mpreht	m p r e h t	964	m p r e h t	241 291 153 1089 405 120
954	English	sharp	137	sharp	ʃarp	ʃ a r p	961	ʃ a r p	683 997 153 291
955	French	sharp	137	tranchant	trɑ̃ʃɑ̃t	t r ɑ̃ ʃ ɑ̃ t	962	t r ɑ̃ ʃ ɑ̃ t	120 153 951 683 951 120
956	German	sharp	137	scharf	ʃarf	ʃ a r f	961	ʃ a r f	683 997 153 452
957	Hawaiian	sharp	137	`oi	ʔoi	ʔ o i	967	ʔ o i	409 887 1076
958	Navajo	sharp	137	deení	deːni	d eː n i	965	d eː n i	145 1091 107 1076
959	Turkish	sharp	137	keskin	keskin	k e s k i n	963	k e s k i n	838 1089 89 838 1076 107
960	Albanian	short	138	shkurtër	ʃkurtər	ʃ k u r t ə r	-1150	ʃ k u r t ə r	683 838 868 153 120 1022 153
961	English	short	138	short	ʃɔrt	ʃ ɔ r t	1150	ʃ ɔ r t	683 916 153 120
962	French	short	138	court	kurt	k u r t	1150	k u r t	838 868 153 120
963	German	short	138	kurz	kurʦ	k u r ʦ	-1150	k u r ts	838 868 153 15
964	Hawaiian	short	138	pōkole	poːkole	p oː k o l e	1154	p oː k o l e	291 880 838 887 554 1089
965	Navajo	short	138	yázhí	jayʒi	j ay ʒ i	1152	j ? ʒ i	570 ? 685 1076
966	Turkish	short	138	kısa	kɯsa	k ɯ s a	1151	k ɯ s a	838 944 89 997
967	Albanian	sing	139	këndon	kəndo	k ə n d o	-683	k ə n d o	838 1022 107 145 887
968	English	sing	139	sings	sɪŋ	s ɪ ŋ	682	s ɪ ŋ	89 1110 801
969	French	sing	139	chante	ʃɑ̃te	ʃ ɑ̃ t e	683	ʃ ɑ̃ t e	683 951 120 1089
970	German	sing	139	singt	ziŋ	z i ŋ	682	z i ŋ	80 1076 801
971	Hawaiian	sing	139	mele	mele	m e l e	686	m e l e	241 1089 554 1089
972	Navajo	sing	139	hataaƚ	hataːɬ	h a t aː ɬ	685	h a t aː ɬ	405 997 120 1004 540
973	Turkish	sing	139	şarkı söylüyor	ʃarkɯ	ʃ a r k ɯ	684	ʃ a r k ɯ	683 997 153 838 944
974	Albanian	sit	140	(rri) ndenjur	ndeɲ	n d e ɲ	984	n d e ɲ	107 145 1089 595
975	English	sit	140	sits	sɪt	s ɪ t	982	s ɪ t	89 1110 120
976	French	sit	140	(est) assis	asiz	a s i z	982	a s i z	997 89 1076 80
977	German	sit	140	sitzt	ziʦ	z i ʦ	982	z i ts	80 1076 15
978	Hawaiian	sit	140	noho	noho	n o h o	986	n o h o	107 887 405 887
979	Navajo	sit	140	sidá	siday	s i d ay	985	s i d ?	89 1076 145 ?
980	Turkish	sit	140	oturuyor	otur	o t u r	983	o t u r	887 120 868 153
981	Albanian	skin	141	lëkurë	ləkur	l ə k u r	56	l ə k u r	554 1022 838 868 153
982	English	skin	141	skin	skin	s k i n	-54	s k i n	89 838 1076 107
983	French	skin	141	peau	po	p o	53	p o	291 887
984	German	skin	141	Haut	haut	h au t	52	h au t	405 1033 120
985	Hawaiian	skin	141	`ili	ʔili	ʔ i l i	58	ʔ i l i	409 1076 554 1076
986	Navajo	skin	141	'akágí	kaygi	k ay g i	57	k ? ɡ i	838 ? 831 1076
987	Turkish	skin	141	deri	deri	d e r i	55	d e r i	145 1089 153 1076
988	Albanian	sky	142	qiell	cieł	c i e ł	-650	c i e lˠ	606 1076 1089 549
989	English	sky	142	sky	skai	s k ai	-651	s k ai	89 838 1037
990	French	sky	142	ciel	sjɛl	s j ɛ l	650	s j ɛ l	89 570 1121 554
991	German	sky	142	Himmel	himəl	h i m ə l	649	h i m ə l	405 1076 241 1022 554
992	Hawaiian	sky	142	lani	lani	l a n i	654	l a n i	554 997 107 1076
993	Navajo	sky	142	yá	yay	y ay	653	y ?	1047 ?
994	Turkish	sky	142	gök	gøk	g ø k	652	ɡ ø k	831 1052 838
995	Albanian	sleep	143	fle	fle	f l e	830	f l e	452 554 1089
996	English	sleep	143	sleeps	slip	s l i p	827	s l i p	89 554 1076 291
997	French	sleep	143	dort	dɔr	d ɔ r	828	d ɔ r	145 916 153
998	German	sleep	143	schläft	ʃlaːf	ʃ l aː f	827	ʃ l aː f	683 554 1004 452
999	Hawaiian	sleep	143	moe	moe	m o e	832	m o e	241 887 1089
1000	Navajo	sleep	143	'aƚhosh	ʔaɬhoʃ	ʔ a ɬ h o ʃ	831	ʔ a ɬ h o ʃ	409 997 540 405 887 683
1001	Turkish	sleep	143	uyuyor	uju	u j u	829	u j u	868 570 868
1002	Albanian	small	144	vogël	vogəl	v o g ə l	297	v o ɡ ə l	451 887 831 1022 554
1003	English	small	144	small	smɔl	s m ɔ l	295	s m ɔ l	89 241 916 554
1004	French	small	144	petit	pətit	p ə t i t	294	p ə t i t	291 1022 120 1076 120
1005	German	small	144	klein	klain	k l ai n	293	k l ai n	838 554 1037 107
1006	Hawaiian	small	144	iki	iki	i k i	300	i k i	1076 838 1076
1007	Navajo	small	144	yázhí	jayʒi	j ay ʒ i	298	j ? ʒ i	570 ? 685 1076
1008	Turkish	small	144	küçük	kyʧyk	k y ʧ y k	296	k y tʃ y k	838 1047 651 1047 838
1009	Albanian	smell	145	marr erë	er	e r	-1037	e r	1089 153
1010	English	smell	145	smells	smel	s m e l	1035	s m e l	89 241 1089 554
1011	French	smell	145	sent	sɑ̃t	s ɑ̃ t	1034	s ɑ̃ t	89 951 120
1012	German	smell	145	riecht	riːx	r iː x	1033	r iː x	153 1068 778
1013	Hawaiian	smell	145	honi	honi	h o n i	1040	h o n i	405 887 107 1076
1014	Navajo	smell	145	yishchą́ą́'	jiʃʧã́ː	j i ʃ ʧ ã́ː	1038	j i ʃ tʃ ãː	570 1076 683 651 992
1015	Turkish	smell	145	koklayor	kokla	k o k l a	1036	k o k l a	838 887 838 554 997
1016	Albanian	smoke	146	tym	tym	t y m	-612	t y m	120 1047 241
1017	English	smoke	146	smoke	smok	s m o k	613	s m o k	89 241 887 838
1018	French	smoke	146	fumée	fyme	f y m e	612	f y m e	452 1047 241 1089
1019	German	smoke	146	Rauch	raux	r au x	611	r au x	153 1033 778
1020	Hawaiian	smoke	146	uahi	uahi	u a h i	616	u a h i	868 997 405 1076
1021	Navajo	smoke	146	ƚid	ɬid	ɬ i d	615	ɬ i d	540 1076 145
1022	Turkish	smoke	146	duman	duman	d u m a n	614	d u m a n	145 868 241 997 107
1023	Albanian	smooth	147	lëmuet	ləmo	l ə m o	880	l ə m o	554 1022 241 887
1024	English	smooth	147	smooth	smuð	s m u ð	878	s m u ð	89 241 868 419
1025	French	smooth	147	lisse	lis	l i s	877	l i s	554 1076 89
1026	German	smooth	147	glatt	glat	g l a t	876	ɡ l a t	831 554 997 120
1027	Hawaiian	smooth	147	malino	malino	m a l i n o	883	m a l i n o	241 997 554 1076 107 887
1028	Navajo	smooth	147	dilkǫǫh	dilkõːh	d i l k õː h	881	d i l k õː h	145 1076 554 838 873 405
1029	Turkish	smooth	147	düz	dyz	d y z	879	d y z	145 1047 80
1030	Albanian	snake	148	gjarpër	ɟarpər	ɟ a r p ə r	656	ɟ a r p ə r	609 997 153 291 1022 153
1031	English	snake	148	snake	snek	s n e k	657	s n e k	89 107 1089 838
1032	French	snake	148	serpent	sɛrpɑ̃	s ɛ r p ɑ̃	656	s ɛ r p ɑ̃	89 1121 153 291 951
1033	German	snake	148	Schlange	ʃlaŋə	ʃ l a ŋ ə	655	ʃ l a ŋ ə	683 554 997 801 1022
1034	Hawaiian	snake	148	naheka	naheka	n a h e k a	-657	n a h e k a	107 997 405 1089 838 997
1035	Navajo	snake	148	tƚ'iish	tˡˀiːʃ	tˡˀ iː ʃ	659	tɬʼ iː ʃ	508 1068 683
1036	Turkish	snake	148	yılan	jɯlan	j ɯ l a n	658	j ɯ l a n	570 944 554 997 107
1037	Albanian	snow	149	borë	bor	b o r	989	b o r	257 887 153
1038	English	snow	149	snow	sno	s n o	987	s n o	89 107 887
1039	French	snow	149	neige	nɛʒ	n ɛ ʒ	987	n ɛ ʒ	107 1121 685
1040	German	snow	149	Schnee	ʃneː	ʃ n eː	987	ʃ n eː	683 107 1091
1041	Hawaiian	snow	149	hau kea	hau	h a u	991	h a u	405 997 868
1042	Navajo	snow	149	zas	zas	z a s	990	z a s	80 997 89
1043	Turkish	snow	149	kar	kar	k a r	988	k a r	838 997 153
1044	Albanian	some	150	disa	disa	d i s a	361	d i s a	145 1076 89 997
1045	English	some	150	some	səm	s ə m	359	s ə m	89 1022 241
1046	French	some	150	quelques	kɛlkə	k ɛ l k ə	358	k ɛ l k ə	838 1121 554 838 1022
1047	German	some	150	einige	ainig	ai n i g	357	ai n i ɡ	1037 107 1076 831
1048	Hawaiian	some	150	kekahi	kekahi	k e k a h i	364	k e k a h i	838 1089 838 997 405 1076
1049	Navajo	some	150	ƚa'	ɬaʔ	ɬ a ʔ	362	ɬ a ʔ	540 997 409
1050	Turkish	some	150	bazı	bazɯ	b a z ɯ	-360	b a z ɯ	257 997 80 944
1051	Albanian	spit	151	pështyn	pəʃty	p ə ʃ t y	769	p ə ʃ t y	291 1022 683 120 1047
1052	English	spit	151	spits	spɪt	s p ɪ t	767	s p ɪ t	89 291 1110 120
1053	French	spit	151	crache	kraʃe	k r a ʃ e	-766	k r a ʃ e	838 153 997 683 1089
1054	German	spit	151	spuckt	ʃpuk	ʃ p u k	-765	ʃ p u k	683 291 868 838
1055	Hawaiian	spit	151	kuha	kuha	k u h a	771	k u h a	838 868 405 997
1056	Navajo	spit	151	dishsheeh	diʒeːh	d i ʒ eː h	770	d i ʒ eː h	145 1076 685 1091 405
1057	Turkish	spit	151	tükürüyor	tykyr	t y k y r	768	t y k y r	120 1047 838 1047 153
1058	Albanian	split	152	çan	ʧa	ʧ a	152	tʃ a	651 997
1059	English	split	152	splits	splɪit	s p l ɪi t	-149	s p l ? t	89 291 554 ? 120
1060	French	split	152	fend	fɑ̃d	f ɑ̃ d	150	f ɑ̃ d	452 951 145
1061	German	split	152	spaltet	ʃpalt	ʃ p a l t	149	ʃ p a l t	683 291 997 554 120
1062	Hawaiian	split	152	wāhi	waːhi	w aː h i	154	w aː h i	462 1004 405 1076
1063	Navajo	split	152	'aƚtániishgéésh	ʔaɬtayniːgeːʃ	ʔ a ɬ t ay n iː g eː ʃ	153	ʔ a ɬ t ? n iː ɡ eː ʃ	409 997 540 120 ? 107 1068 831 1091 683
1064	Turkish	split	152	yarıyor	jar	j a r	151	j a r	570 997 153
1065	Albanian	squeeze	153	shtrydh	ʃtryð	ʃ t r y ð	551	ʃ t r y ð	683 120 153 1047 419
1066	English	squeeze	153	squeezes	skwiz	s k w i z	549	s k w i z	89 838 462 1076 80
1067	French	squeeze	153	presse	prɛse	p r ɛ s e	548	p r ɛ s e	291 153 1121 89 1089
1068	German	squeeze	153	drückt	dryk	d r y k	547	d r y k	145 153 1047 838
1069	Hawaiian	squeeze	153	`uwī	ʔuwiː	ʔ u w iː	553	ʔ u w iː	409 868 462 1068
1070	Navajo	squeeze	153	yiishnih	jiːnih	j iː n i h	552	j iː n i h	570 1068 107 1076 405
1071	Turkish	squeeze	153	sıkıyor	sɯk	s ɯ k	550	s ɯ k	89 944 838
1072	Albanian	stab	154	ther	θer	θ e r	621	θ e r	417 1089 153
1073	English	stab	154	stabs	stab	s t a b	619	s t a b	89 120 997 257
1074	French	stab	154	poignarde	pwaɲarde	p w a ɲ a r d e	618	p w a ɲ a r d e	291 462 997 595 997 153 145 1089
1075	German	stab	154	sticht	ʃtex	ʃ t e x	617	ʃ t e x	683 120 1089 778
1076	Hawaiian	stab	154	hou	hou	h o u	624	h o u	405 887 868
1077	Navajo	stab	154	bighá'níshgééd	biɣayʔniɬgeːd	b i ɣ ay ʔ n i ɬ g eː d	622	b i ɣ ? ʔ n i ɬ ɡ eː d	257 1076 780 ? 409 107 1076 540 831 1091 145
1078	Turkish	stab	154	hançerliyor	hanʧerle	h a n ʧ e r l e	-620	h a n tʃ e r l e	405 997 107 651 1089 153 554 1089
1079	Albanian	stand	155	(rri) më këmbë	kəmb	k ə m b	1044	k ə m b	838 1022 241 257
1080	English	stand	155	stands	stand	s t a n d	1041	s t a n d	89 120 997 107 145
1081	French	stand	155	(est) debout	dəbu	d ə b u	-1042	d ə b u	145 1022 257 868
1082	German	stand	155	steht	ʃteː	ʃ t eː	1041	ʃ t eː	683 120 1091
1083	Hawaiian	stand	155	kū	kuː	k uː	1046	k uː	838 860
1084	Navajo	stand	155	sizį́	sizĩ́	s i z ĩ́	1045	s i z ĩ	89 1076 80 1078
1085	Turkish	stand	155	duruyor	dur	d u r	1043	d u r	145 868 153
1086	Albanian	star	156	yll	ył	y ł	1057	y lˠ	1047 549
1087	English	star	156	star	stɑr	s t ɑ r	1055	s t ɑ r	89 120 952 153
1088	French	star	156	étoile	etwal	e t w a l	1055	e t w a l	1089 120 462 997 554
1089	German	star	156	Stern	ʃtern	ʃ t e r n	1055	ʃ t e r n	683 120 1089 153 107
1090	Hawaiian	star	156	hōkū	hoːkuː	h oː k uː	1059	h oː k uː	405 880 838 860
1091	Navajo	star	156	sǫ'	sõʔ	s õ ʔ	1058	s õ ʔ	89 883 409
1092	Turkish	star	156	yıldız	jɯldɯz	j ɯ l d ɯ z	1056	j ɯ l d ɯ z	570 944 554 145 944 80
1093	Albanian	stick	157	shkop	ʃkop	ʃ k o p	929	ʃ k o p	683 838 887 291
1094	English	stick	157	stick	stɪk	s t ɪ k	927	s t ɪ k	89 120 1110 838
1095	French	stick	157	bâton	batɔ̃	b a t ɔ̃	-926	b a t ɔ̃	257 997 120 915
1096	German	stick	157	Stock	ʃtok	ʃ t o k	925	ʃ t o k	683 120 887 838
1097	Hawaiian	stick	157	lā`au	laːʔau	l aː ʔ a u	932	l aː ʔ a u	554 1004 409 997 868
1098	Navajo	stick	157	tsin	ʦin	ʦ i n	930	ts i n	15 1076 107
1099	Turkish	stick	157	değnek	deɣnek	d e ɣ n e k	928	d e ɣ n e k	145 1089 780 107 1089 838
1100	Albanian	stone	158	gur	gur	g u r	581	ɡ u r	831 868 153
1101	English	stone	158	stone	ston	s t o n	578	s t o n	89 120 887 107
1102	French	stone	158	pierre	pjɛr	p j ɛ r	-579	p j ɛ r	291 570 1121 153
1103	German	stone	158	Stein	ʃtain	ʃ t ai n	578	ʃ t ai n	683 120 1037 107
1104	Hawaiian	stone	158	pōhaku	poːhaku	p oː h a k u	584	p oː h a k u	291 880 405 997 838 868
1105	Navajo	stone	158	tsé	ʦe	ʦ e	582	ts e	15 1089
1106	Turkish	stone	158	taş	taʃ	t a ʃ	580	t a ʃ	120 997 683
1107	Albanian	straight	159	drejtë	drejt	d r e j t	-871	d r e j t	145 153 1089 570 120
1108	English	straight	159	straight	stret	s t r e t	872	s t r e t	89 120 153 1089 120
1109	French	straight	159	droit	drwat	d r w a t	871	d r w a t	145 153 462 997 120
1110	German	straight	159	gerade	gəraːdə	g ə r aː d ə	870	ɡ ə r aː d ə	831 1022 153 1004 145 1022
1111	Hawaiian	straight	159	pololei	pololei	p o l o l e i	875	p o l o l e i	291 887 554 887 554 1089 1076
1112	Navajo	straight	159	k'éhózdon	kˀehozdon	kˀ e h o z d o n	874	kʼ e h o z d o n	776 1089 405 887 80 145 887 107
1113	Turkish	straight	159	doğru	doɣru	d o ɣ r u	873	d o ɣ r u	145 887 780 153 868
1114	Albanian	suck	160	thith	θiθ	θ i θ	1132	θ i θ	417 1076 417
1115	English	suck	160	sucks	sək	s ə k	1130	s ə k	89 1022 838
1116	French	suck	160	suce	syse	s y s e	1130	s y s e	89 1047 89 1089
1117	German	suck	160	saugt	zaug	z au g	1130	z au ɡ	80 1033 831
1118	Hawaiian	suck	160	omo	omo	o m o	1134	o m o	887 241 887
1119	Navajo	suck	160	yisht'o'	jiɬtˀoʔ	j i ɬ tˀ o ʔ	1133	j i ɬ tʼ o ʔ	570 1076 540 60 887 409
1120	Turkish	suck	160	emiyor	em	e m	1131	e m	1089 241
1121	Albanian	sun	161	diell	dieł	d i e ł	435	d i e lˠ	145 1076 1089 549
1122	English	sun	161	sun	sən	s ə n	433	s ə n	89 1022 107
1123	French	sun	161	soleil	sɔlɛj	s ɔ l ɛ j	433	s ɔ l ɛ j	89 916 554 1121 570
1124	German	sun	161	Sonne	zonə	z o n ə	433	z o n ə	80 887 107 1022
1125	Hawaiian	sun	161	lā	laː	l aː	437	l aː	554 1004
1126	Navajo	sun	161	shá	ʃay	ʃ ay	436	ʃ ?	683 ?
1127	Turkish	sun	161	güneş	gyneʃ	g y n e ʃ	434	ɡ y n e ʃ	831 1047 107 1089 683
1128	Albanian	swell	162	ënj	əɲ	ə ɲ	1074	ə ɲ	1022 595
1129	English	swell	162	swells	swɛl	s w ɛ l	1071	s w ɛ l	89 462 1121 554
1130	French	swell	162	enfle	ɑ̃fle	ɑ̃ f l e	1072	ɑ̃ f l e	951 452 554 1089
1131	German	swell	162	schwillt	ʃvel	ʃ v e l	1071	ʃ v e l	683 451 1089 554
1132	Hawaiian	swell	162	ho`opehu	hoʔopehu	h o ʔ o p e h u	1077	h o ʔ o p e h u	405 887 409 887 291 1089 405 868
1133	Navajo	swell	162	niishchaad	niːʧaːd	n iː ʧ aː d	1075	n iː tʃ aː d	107 1068 651 1004 145
1134	Turkish	swell	162	şişiyor	ʃiʃ	ʃ i ʃ	1073	ʃ i ʃ	683 1076 683
1135	Albanian	swim	163	noton	noto	n o t o	158	n o t o	107 887 120 887
1136	English	swim	163	swims	swɪm	s w ɪ m	155	s w ɪ m	89 462 1110 241
1137	French	swim	163	nage	naʒe	n a ʒ e	156	n a ʒ e	107 997 685 1089
1138	German	swim	163	schwimmt	ʃvim	ʃ v i m	155	ʃ v i m	683 451 1076 241
1139	Hawaiian	swim	163	`au	ʔau	ʔ a u	160	ʔ a u	409 997 868
1140	Navajo	swim	163	'ashkǫ́ǫ́h	ʔaɬkõːh	ʔ a ɬ k õː h	159	ʔ a ɬ k õː h	409 997 540 838 873 405
1141	Turkish	swim	163	yüzüyor	jyz	j y z	157	j y z	570 1047 80
1142	Albanian	tail	164	bisht	biʃt	b i ʃ t	126	b i ʃ t	257 1076 683 120
1143	English	tail	164	tail	tel	t e l	124	t e l	120 1089 554
1144	French	tail	164	queue	kø	k ø	123	k ø	838 1052
1145	German	tail	164	Schwanz	ʃvanʦ	ʃ v a n ʦ	122	ʃ v a n ts	683 451 997 107 15
1146	Hawaiian	tail	164	huelo	huelo	h u e l o	128	h u e l o	405 868 1089 554 887
1147	Navajo	tail	164	'atsee'	ʦeːʔ	ʦ eː ʔ	127	ts eː ʔ	15 1091 409
1148	Turkish	tail	164	kuyruk	kujruk	k u j r u k	125	k u j r u k	838 868 570 153 868 838
1149	Albanian	that	165	ai	ai	a i	775	a i	997 1076
1150	English	that	165	that	ðat	ð a t	772	ð a t	419 997 120
1151	French	that	165	cela	səla	s ə l a	773	s ə l a	89 1022 554 997
1152	German	that	165	das	das	d a s	772	d a s	145 997 89
1153	Hawaiian	that	165	kēlā	keːlaː	k eː l aː	778	k eː l aː	838 1091 554 1004
1154	Navajo	that	165	'éi	ʔeiː	ʔ e iː	776	ʔ e iː	409 1089 1068
1155	Turkish	that	165	o	on	o n	774	o n	887 107
1156	Albanian	there	166	aty	aty	a t y	720	a t y	997 120 1047
1157	English	there	166	there	ðɛr	ð ɛ r	717	ð ɛ r	419 1121 153
1158	French	there	166	là	la	l a	718	l a	554 997
1159	German	there	166	da	daː	d aː	717	d aː	145 1004
1160	Hawaiian	there	166	laila	laila	l a i l a	723	l a i l a	554 997 1076 554 997
1161	Navajo	there	166	'áadi	ʔaːdi	ʔ aː d i	721	ʔ aː d i	409 1004 145 1076
1162	Turkish	there	166	orada	ora	o r a	719	o r a	887 153 997
1163	Albanian	they	167	ata	ata	a t a	216	a t a	997 120 997
1164	English	they	167	they	ðe	ð e	-214	ð e	419 1089
1165	French	they	167	ils	il	i l	213	i l	1076 554
1166	German	they	167	sie	ziː	z iː	212	z iː	80 1068
1167	Hawaiian	they	167	lākou	laːkou	l aː k o u	219	l aː k o u	554 1004 838 887 868
1168	Navajo	they	167	daabí	bi	b i	217	b i	257 1076
1169	Turkish	they	167	onlar	on	o n	215	o n	887 107
1170	Albanian	thick	168	trashë	traʃ	t r a ʃ	690	t r a ʃ	120 153 997 683
1171	English	thick	168	thick	θɪk	θ ɪ k	687	θ ɪ k	417 1110 838
1172	French	thick	168	épais	epɛs	e p ɛ s	688	e p ɛ s	1089 291 1121 89
1173	German	thick	168	dick	dik	d i k	687	d i k	145 1076 838
1174	Hawaiian	thick	168	mānoa	maːnoa	m aː n o a	693	m aː n o a	241 1004 107 887 997
1175	Navajo	thick	168	ditą́	ditã́	d i t ã́	691	d i t ã	145 1076 120 1014
1176	Turkish	thick	168	kalın	kalɯn	k a l ɯ n	689	k a l ɯ n	838 997 554 944 107
1177	Albanian	thin	169	hollë	hoł	h o ł	495	h o lˠ	405 887 549
1178	English	thin	169	thin	θɪn	θ ɪ n	492	θ ɪ n	417 1110 107
1179	French	thin	169	mince	mɛ̃s	m ɛ̃ s	493	m ɛ̃ s	241 1123 89
1180	German	thin	169	dünn	dyn	d y n	492	d y n	145 1047 107
1181	Hawaiian	thin	169	wīwī	wiːwiː	w iː w iː	497	w iː w iː	462 1068 462 1068
1182	Navajo	thin	169	'áƚt'ą́'í	ʔayɬtˀã́ʔi	ʔ ay ɬ tˀ ã́ ʔ i	496	ʔ ? ɬ tʼ ã ʔ i	409 ? 540 60 1014 409 1076
1183	Turkish	thin	169	ince	inʤe	i n ʤ e	494	i n dʒ e	1076 107 655 1089
1184	Albanian	think	170	mendon	mendo	m e n d o	-639	m e n d o	241 1089 107 145 887
1185	English	think	170	thinks	θɪŋk	θ ɪ ŋ k	636	θ ɪ ŋ k	417 1110 801 838
1186	French	think	170	pense	pɑ̃se	p ɑ̃ s e	-637	p ɑ̃ s e	291 951 89 1089
1187	German	think	170	denkt	deŋk	d e ŋ k	636	d e ŋ k	145 1089 801 838
1188	Hawaiian	think	170	mana`o	manaʔo	m a n a ʔ o	642	m a n a ʔ o	241 997 107 997 409 887
1189	Navajo	think	170	nízin	nizin	n i z i n	640	n i z i n	107 1076 80 1076 107
1190	Turkish	think	170	düşünüyor	dyʃyn	d y ʃ y n	638	d y ʃ y n	145 1047 683 1047 107
1191	Albanian	this	171	ky	k	k	866	k	838
1192	English	this	171	this	ðɪs	ð ɪ s	863	ð ɪ s	419 1110 89
1193	French	this	171	ceci	səsi	s ə s i	864	s ə s i	89 1022 89 1076
1194	German	this	171	dieses	diːz	d iː z	863	d iː z	145 1068 80
1195	Hawaiian	this	171	kēia	keːia	k eː i a	869	k eː i a	838 1091 1076 997
1196	Navajo	this	171	díí	diː	d iː	867	d iː	145 1068
1197	Turkish	this	171	bu	bun	b u n	865	b u n	257 868 107
1198	Albanian	thou	172	ti	t	t	585	t	120
1199	English	thou	172	you	ju	j u	586	j u	570 868
1200	French	thou	172	tu	ty	t y	585	t y	120 1047
1201	German	thou	172	du	duː	d uː	585	d uː	145 860
1202	Hawaiian	thou	172	`oe	ʔoe	ʔ o e	589	ʔ o e	409 887 1089
1203	Navajo	thou	172	ni	ni	n i	588	n i	107 1076
1204	Turkish	thou	172	sen	sen	s e n	587	s e n	89 1089 107
1205	Albanian	three	173	tre	tre	t r e	724	t r e	120 153 1089
1206	English	three	173	three	θri	θ r i	724	θ r i	417 153 1076
1207	French	three	173	trois	trwa	t r w a	724	t r w a	120 153 462 997
1208	German	three	173	drei	drai	d r ai	724	d r ai	145 153 1037
1209	Hawaiian	three	173	kolu	kolu	k o l u	727	k o l u	838 887 554 868
1210	Navajo	three	173	táá'	taːʔ	t aː ʔ	726	t aː ʔ	120 1004 409
1211	Turkish	three	173	üç	yʧ	y ʧ	725	y tʃ	1047 651
1212	Albanian	throw	174	hedh	heð	h e ð	568	h e ð	405 1089 419
1213	English	throw	174	throws	θro	θ r o	566	θ r o	417 153 887
1214	French	throw	174	lance	lɑ̃se	l ɑ̃ s e	-565	l ɑ̃ s e	554 951 89 1089
1215	German	throw	174	wirft	verf	v e r f	564	v e r f	451 1089 153 452
1216	Hawaiian	throw	174	nou	nou	n o u	571	n o u	107 887 868
1217	Navajo	throw	174	hishhan	hiɬhan	h i ɬ h a n	569	h i ɬ h a n	405 1076 540 405 997 107
1218	Turkish	throw	174	atıyor	at	a t	567	a t	997 120
1219	Albanian	tie	175	lidh	lið	l i ð	1025	l i ð	554 1076 419
1220	English	tie	175	ties	tai	t ai	1023	t ai	120 1037
1221	French	tie	175	attache	ataʃe	a t a ʃ e	-1022	a t a ʃ e	997 120 997 683 1089
1222	German	tie	175	bindet	bind	b i n d	1021	b i n d	257 1076 107 145
1223	Hawaiian	tie	175	hīki`i	hiːkiʔi	h iː k i ʔ i	1027	h iː k i ʔ i	405 1068 838 1076 409 1076
1224	Navajo	tie	175	be'eshtƚ'ó	beʔetˡˀo	b e ʔ e tˡˀ o	1026	b e ʔ e tɬʼ o	257 1089 409 1089 508 887
1225	Turkish	tie	175	bağlıyor	baɣla	b a ɣ l a	1024	b a ɣ l a	257 997 780 554 997
1226	Albanian	tongue	176	gjuhë	ɟuh	ɟ u h	627	ɟ u h	609 868 405
1227	English	tongue	176	tongue	təŋ	t ə ŋ	625	t ə ŋ	120 1022 801
1228	French	tongue	176	langue	lɑ̃g	l ɑ̃ g	625	l ɑ̃ ɡ	554 951 831
1229	German	tongue	176	Zunge	ʦuŋə	ʦ u ŋ ə	625	ts u ŋ ə	15 868 801 1022
1230	Hawaiian	tongue	176	alelo	alelo	a l e l o	629	a l e l o	997 554 1089 554 887
1231	Navajo	tongue	176	'atsoo'	ʦoːʔ	ʦ oː ʔ	628	ts oː ʔ	15 880 409
1232	Turkish	tongue	176	dil	dil	d i l	626	d i l	145 1076 554
1233	Albanian	tooth	177	dhëmb	ðəmb	ð ə m b	1188	ð ə m b	419 1022 241 257
1234	English	tooth	177	tooth	tuθ	t u θ	1186	t u θ	120 868 417
1235	French	tooth	177	dent	dɑ̃	d ɑ̃	1186	d ɑ̃	145 951
1236	German	tooth	177	Zahn	ʦaːn	ʦ aː n	1186	ts aː n	15 1004 107
1237	Hawaiian	tooth	177	niho	niho	n i h o	1190	n i h o	107 1076 405 887
1238	Navajo	tooth	177	'awoo'	ɣoːʔ	ɣ oː ʔ	1189	ɣ oː ʔ	780 880 409
1239	Turkish	tooth	177	diş	diʃ	d i ʃ	1187	d i ʃ	145 1076 683
1240	Albanian	tree	178	dru	drur	d r u r	349	d r u r	145 153 868 153
1241	English	tree	178	tree	tri	t r i	349	t r i	120 153 1076
1242	French	tree	178	arbre	arbr	a r b r	348	a r b r	997 153 257 153
1243	German	tree	178	Baum	baum	b au m	347	b au m	257 1033 241
1244	Hawaiian	tree	178	lā`au	laːʔau	l aː ʔ a u	352	l aː ʔ a u	554 1004 409 997 868
1245	Navajo	tree	178	tsin	ʦin	ʦ i n	351	ts i n	15 1076 107
1246	Turkish	tree	178	ağaç	aɣaʤ	a ɣ a ʤ	350	a ɣ a dʒ	997 780 997 655
1247	Albanian	true	179	vërtetë	vərtet	v ə r t e t	-814	v ə r t e t	451 1022 153 120 1089 120
1248	English	true	179	true	tru	t r u	815	t r u	120 153 868
1249	French	true	179	vrai	vrɛ	v r ɛ	814	v r ɛ	451 153 1121
1250	German	true	179	wahr	vaːr	v aː r	814	v aː r	451 1004 153
1251	Hawaiian	true	179	`oia`i`o	ʔoiaʔiʔo	ʔ o i a ʔ i ʔ o	818	ʔ o i a ʔ i ʔ o	409 887 1076 997 409 1076 409 887
1252	Navajo	true	179	'aaníí	ʔaːniː	ʔ aː n iː	817	ʔ aː n iː	409 1004 107 1068
1253	Turkish	true	179	doğru	doɣru	d o ɣ r u	816	d o ɣ r u	145 887 780 153 868
1254	Albanian	two	180	dy	dy	d y	145	d y	145 1047
1255	English	two	180	two	tu	t u	145	t u	120 868
1256	French	two	180	deux	dø	d ø	145	d ø	145 1052
1257	German	two	180	zwei	ʦvai	ʦ v ai	145	ts v ai	15 451 1037
1258	Hawaiian	two	180	lua	lua	l u a	148	l u a	554 868 997
1259	Navajo	two	180	naaki	naːki	n aː k i	147	n aː k i	107 1004 838 1076
1260	Turkish	two	180	iki	iki	i k i	146	i k i	1076 838 1076
1261	Albanian	vomit	181	vjell	vjeł	v j e ł	1211	v j e lˠ	451 570 1089 549
1262	English	vomit	181	vomits	vɑmət	v ɑ m ə t	-1209	v ɑ m ə t	451 952 241 1022 120
1263	French	vomit	181	vomit	vɔmi	v ɔ m i	-1209	v ɔ m i	451 916 241 1076
1264	German	vomit	181	erbricht	erbrex	e r b r e x	1208	e r b r e x	1089 153 257 153 1089 778
1265	Hawaiian	vomit	181	lua`i	luaʔi	l u a ʔ i	1213	l u a ʔ i	554 868 997 409 1076
1266	Navajo	vomit	181	náshkwi	naykwi	n ay kw i	1212	n ? kʷ i	107 ? 834 1076
1267	Turkish	vomit	181	kusuyor	kus	k u s	1210	k u s	838 868 89
1268	Albanian	wash	182	lau	la	l a	667	l a	554 997
1269	English	wash	182	washes	wɑʃ	w ɑ ʃ	666	w ɑ ʃ	462 952 683
1270	French	wash	182	lave	lave	l a v e	667	l a v e	554 997 451 1089
1271	German	wash	182	wäscht	vaʃ	v a ʃ	666	v a ʃ	451 997 683
1272	Hawaiian	wash	182	holoi	holoi	h o l o i	670	h o l o i	405 887 554 887 1076
1273	Navajo	wash	182	yiisgis	jiːgis	j iː g i s	669	j iː ɡ i s	570 1068 831 1076 89
1274	Turkish	wash	182	yıkıyor	jɯka	j ɯ k a	668	j ɯ k a	570 944 838 997
1275	Albanian	water	183	ujë	uj	u j	527	u j	868 570
1276	English	water	183	water	wɑtər	w ɑ t ə r	527	w ɑ t ə r	462 952 120 1022 153
1277	French	water	183	eau	o	o	528	o	887
1278	German	water	183	Wasser	vasər	v a s ə r	527	v a s ə r	451 997 89 1022 153
1279	Hawaiian	water	183	wai	wai	w a i	531	w a i	462 997 1076
1280	Navajo	water	183	tó	to	t o	530	t o	120 887
1281	Turkish	water	183	su	suj	s u j	529	s u j	89 868 570
1282	Albanian	we	184	né	n	n	499	n	107
1283	English	we	184	we	wi	w i	498	w i	462 1076
1284	French	we	184	nous	nu	n u	499	n u	107 868
1285	German	we	184	wir	viːr	v iː r	498	v iː r	451 1068 153
1286	Hawaiian	we	184	mākou	maːkou	m aː k o u	502	m aː k o u	241 1004 838 887 868
1287	Navajo	we	184	nihí	nihi	n i h i	501	n i h i	107 1076 405 1076
1288	Turkish	we	184	biz	b	b	500	b	257
1289	Albanian	wet	185	lagët	lagət	l a g ə t	141	l a ɡ ə t	554 997 831 1022 120
1290	English	wet	185	wet	wɛt	w ɛ t	139	w ɛ t	462 1121 120
1291	French	wet	185	mouillé	muje	m u j e	138	m u j e	241 868 570 1089
1292	German	wet	185	nass	nas	n a s	137	n a s	107 997 89
1293	Hawaiian	wet	185	pulu	pulu	p u l u	144	p u l u	291 868 554 868
1294	Navajo	wet	185	ditƚéé'	ditˡeːʔ	d i tˡ eː ʔ	142	d i tˡ eː ʔ	145 1076 121 1091 409
1295	Turkish	wet	185	ıslak	ɯslak	ɯ s l a k	140	ɯ s l a k	944 89 554 997 838
1296	Albanian	what	186	ç'	ʧ	ʧ	418	tʃ	651
1297	English	what	186	what	wɑt	w ɑ t	416	w ɑ t	462 952 120
1298	French	what	186	quoi	kwa	k w a	416	k w a	838 462 997
1299	German	what	186	was	v	v	416	v	451
1300	Hawaiian	what	186	aha	aha	a h a	420	a h a	997 405 997
1301	Navajo	what	186	ha'át'íísh	haʔaytˀiːʃ	h a ʔ ay tˀ iː ʃ	419	h a ʔ ? tʼ iː ʃ	405 997 409 ? 60 1068 683
1302	Turkish	what	186	ne	ne	n e	417	n e	107 1089
1303	Albanian	white	187	bardhë	barð	b a r ð	535	b a r ð	257 997 153 419
1304	English	white	187	white	wait	w ai t	532	w ai t	462 1037 120
1305	French	white	187	blanc	blɑ̃ʃ	b l ɑ̃ ʃ	-533	b l ɑ̃ ʃ	257 554 951 683
1306	German	white	187	weiß	vais	v ai s	532	v ai s	451 1037 89
1307	Hawaiian	white	187	ke`oke`o	keʔokeʔo	k e ʔ o k e ʔ o	538	k e ʔ o k e ʔ o	838 1089 409 887 838 1089 409 887
1308	Navajo	white	187	ƚigai	ɬigai	ɬ i g a i	536	ɬ i ɡ a i	540 1076 831 997 1076
1309	Turkish	white	187	ak	ak	a k	534	a k	997 838
1310	Albanian	who	188	kush	k	k	992	k	838
1311	English	who	188	who	hu	h u	992	h u	405 868
1312	French	who	188	qui	ki	k i	992	k i	838 1076
1313	German	who	188	wer	veː	v eː	992	v eː	451 1091
1314	Hawaiian	who	188	wai	wai	w a i	995	w a i	462 997 1076
1315	Navajo	who	188	háí	hayi	h ay i	994	h ? i	405 ? 1076
1316	Turkish	who	188	kim	kim	k i m	993	k i m	838 1076 241
1317	Albanian	wide	189	gjerë	ɟer	ɟ e r	184	ɟ e r	609 1089 153
1318	English	wide	189	wide	waid	w ai d	181	w ai d	462 1037 145
1319	French	wide	189	large	larʒ	l a r ʒ	182	l a r ʒ	554 997 153 685
1320	German	wide	189	weit	vait	v ai t	181	v ai t	451 1037 120
1321	Hawaiian	wide	189	ākea	aːkea	aː k e a	187	aː k e a	1004 838 1089 997
1322	Navajo	wide	189	niteel	niteːl	n i t eː l	185	n i t eː l	107 1076 120 1091 554
1323	Turkish	wide	189	geniş	geniʃ	g e n i ʃ	183	ɡ e n i ʃ	831 1089 107 1076 683
1324	Albanian	wife	190	grua	gru	g r u	1165	ɡ r u	831 153 868
1325	English	wife	190	wife	waif	w ai f	1163	w ai f	462 1037 452
1326	French	wife	190	femme	fam	f a m	1162	f a m	452 997 241
1327	German	wife	190	Gattin	gatin	g a t i n	1161	ɡ a t i n	831 997 120 1076 107
1328	Hawaiian	wife	190	wahine	wahine	w a h i n e	1168	w a h i n e	462 997 405 1076 107 1089
1329	Navajo	wife	190	'a'áád	ʔaːd	ʔ aː d	1166	ʔ aː d	409 1004 145
1330	Turkish	wife	190	karı	karɯ	k a r ɯ	1164	k a r ɯ	838 997 153 944
1331	Albanian	wind	191	erë	er	e r	-1235	e r	1089 153
1332	English	wind	191	wind	wɪnd	w ɪ n d	1233	w ɪ n d	462 1110 107 145
1333	French	wind	191	vent	vɑ̃	v ɑ̃	1233	v ɑ̃	451 951
1334	German	wind	191	Wind	vind	v i n d	1233	v i n d	451 1076 107 145
1335	Hawaiian	wind	191	makani	makani	m a k a n i	1237	m a k a n i	241 997 838 997 107 1076
1336	Navajo	wind	191	níƚch'i	niɬʧˀi	n i ɬ ʧˀ i	1236	n i ɬ tʃʼ i	107 1076 540 652 1076
1337	Turkish	wind	191	rüzgar	ryzgaːr	r y z g aː r	-1234	r y z ɡ aː r	153 1047 80 831 1004 153
1338	Albanian	wing	192	fletë	flet	f l e t	1230	f l e t	452 554 1089 120
1339	English	wing	192	wing	wɪŋ	w ɪ ŋ	-1228	w ɪ ŋ	462 1110 801
1340	French	wing	192	aile	ɛl	ɛ l	1227	ɛ l	1121 554
1341	German	wing	192	Flügel	flyːgəl	f l yː g ə l	1226	f l yː ɡ ə l	452 554 1049 831 1022 554
1342	Hawaiian	wing	192	`ēheu	ʔeːheu	ʔ eː h e u	1232	ʔ eː h e u	409 1091 405 1089 868
1343	Navajo	wing	192	'at'a'	tˀaʔ	tˀ a ʔ	1231	tʼ a ʔ	60 997 409
1344	Turkish	wing	192	kanat	kanad	k a n a d	1229	k a n a d	838 997 107 997 145
1345	Albanian	wipe	193	fshin	fʃi	f ʃ i	1139	f ʃ i	452 683 1076
1346	English	wipe	193	wipes	waip	w ai p	1137	w ai p	462 1037 291
1347	French	wipe	193	essuie	esɥije	e s ɥ i j e	1136	e s ɥ i j e	1089 89 458 1076 570 1089
1348	German	wipe	193	wischt	viʃ	v i ʃ	1135	v i ʃ	451 1076 683
1349	Hawaiian	wipe	193	kāwele	kaːwele	k aː w e l e	-1142	k aː w e l e	838 1004 462 1089 554 1089
1350	Navajo	wipe	193	nánísht'od	naynitˀod	n ay n i tˀ o d	1140	n ? n i tʼ o d	107 ? 107 1076 60 887 145
1351	Turkish	wipe	193	siliyor	sil	s i l	1138	s i l	89 1076 554
1352	Albanian	with	194	me	me	m e	92	m e	241 1089
1353	English	with	194	with	wɪθ	w ɪ θ	94	w ɪ θ	462 1110 417
1354	French	with	194	avec	avɛk	a v ɛ k	93	a v ɛ k	997 451 1121 838
1355	German	with	194	mit	mit	m i t	92	m i t	241 1076 120
1356	Hawaiian	with	194	me	me	m e	98	m e	241 1089
1357	Navajo	with	194	biƚ	iɬ	i ɬ	96	i ɬ	1076 540
1358	Turkish	with	194	ile	ile	i l e	95	i l e	1076 554 1089
1359	Albanian	woman	195	grua	gru	g r u	859	ɡ r u	831 153 868
1360	English	woman	195	woman	wʊmən	w ʊ m ə n	857	w ʊ m ə n	462 904 241 1022 107
1361	French	woman	195	femme	fam	f a m	856	f a m	452 997 241
1362	German	woman	195	Frau	frau	f r au	855	f r au	452 153 1033
1363	Hawaiian	woman	195	wahine	wahine	w a h i n e	862	w a h i n e	462 997 405 1076 107 1089
1364	Navajo	woman	195	'asdzání	ʔasʣayni	ʔ a s ʣ ay n i	860	ʔ a s dz ? n i	409 997 89 20 ? 107 1076
1365	Turkish	woman	195	kadın	kadɯn	k a d ɯ n	-858	k a d ɯ n	838 997 145 944 107
1366	Albanian	woods	196	pyll	pył	p y ł	-34	p y lˠ	291 1047 549
1367	English	woods	196	woods	wʊd	w ʊ d	32	w ʊ d	462 904 145
1368	French	woods	196	bois	bwa	b w a	-31	b w a	257 462 997
1369	German	woods	196	Wald	vald	v a l d	30	v a l d	451 997 554 145
1370	Hawaiian	woods	196	ulu lā`au	ululaːʔau	u l u l aː ʔ a u	37	u l u l aː ʔ a u	868 554 868 554 1004 409 997 868
1371	Navajo	woods	196	tsintah	ʦintah	ʦ i n t a h	35	ts i n t a h	15 1076 107 120 997 405
1372	Turkish	woods	196	orman	orman	o r m a n	33	o r m a n	887 153 241 997 107
1373	Albanian	worm	197	krimb	krimb	k r i m b	886	k r i m b	838 153 1076 241 257
1374	English	worm	197	worm	wərm	w ə r m	884	w ə r m	462 1022 153 241
1375	French	worm	197	ver	vɛr	v ɛ r	884	v ɛ r	451 1121 153
1376	German	worm	197	Wurm	vurm	v u r m	884	v u r m	451 868 153 241
1377	Hawaiian	worm	197	ko`e	koʔe	k o ʔ e	888	k o ʔ e	838 887 409 1089
1378	Navajo	worm	197	ch'osh	ʧˀoʃ	ʧˀ o ʃ	887	tʃʼ o ʃ	652 887 683
1379	Turkish	worm	197	solucan	soluʤan	s o l u ʤ a n	-885	s o l u dʒ a n	89 887 554 868 655 997 107
1380	Albanian	year	198	vit	vit	v i t	406	v i t	451 1076 120
1381	English	year	198	year	jɪr	j ɪ r	403	j ɪ r	570 1110 153
1382	French	year	198	année	ane	a n e	404	a n e	997 107 1089
1383	German	year	198	Jahr	jaːr	j aː r	403	j aː r	570 1004 153
1384	Hawaiian	year	198	makahiki	makahiki	m a k a h i k i	408	m a k a h i k i	241 997 838 997 405 1076 838 1076
1385	Navajo	year	198	hai	hai	h ai	407	h ai	405 1037
1386	Turkish	year	198	sene	sene	s e n e	-405	s e n e	89 1089 107 1089
1387	Albanian	yellow	199	verdhë	verð	v e r ð	-16	v e r ð	451 1089 153 419
1388	English	yellow	199	yellow	jɛlo	j ɛ l o	14	j ɛ l o	570 1121 554 887
1389	French	yellow	199	jaune	ʒon	ʒ o n	14	ʒ o n	685 887 107
1390	German	yellow	199	gelb	gelb	g e l b	14	ɡ e l b	831 1089 554 257
1391	Hawaiian	yellow	199	melemele	melemele	m e l e m e l e	19	m e l e m e l e	241 1089 554 1089 241 1089 554 1089
1392	Navajo	yellow	199	ƚitso	ɬiʦo	ɬ i ʦ o	17	ɬ i ts o	540 1076 15 887
1393	Turkish	yellow	199	sarı	sarɯ	s a r ɯ	15	s a r ɯ	89 997 153 944
1394	Albanian	you	200	ju	ju	j u	1029	j u	570 868
1395	English	you	200	you	ju	j u	1028	j u	570 868
1396	French	you	200	vous	vu	v u	1029	v u	451 868
1397	German	you	200	ihr	iːr	iː r	1028	iː r	1068 153
1398	Hawaiian	you	200	`oukou	ʔou	ʔ o u	1032	ʔ o u	409 887 868
1399	Navajo	you	200	nihí	nihi	n i h i	1031	n i h i	107 1076 405 1076
1400	Turkish	you	200	siz	s	s	1030	s	89
