ID	IPA	TYPE	PLACE	MANNER	MISCA	MISCB
1	n̟	consonant	advanced_alveolar	nasal	voiced	plain
2	n̟ʲ	consonant	advanced_alveolar	nasal	voiced	palatalized
3	r̟	consonant	advanced_alveolar	trill	voiced	plain
4	r̟ʲ	consonant	advanced_alveolar	trill	voiced	palatalized
5	l̟ʲ	consonant	advanced_lateral	lateral_approximant	voiced	palatalized
6	l̟	consonant	advanced_lateral	lateral_approximant	voiced	plain
7	ⁿts	consonant	alveolar	affricate	voiceless	prenasalized
8	tzʼ	consonant	alveolar	affricate	voiceless_to_voiced	glottalized
9	ts̀	consonant	alveolar	affricate	voiceless	tense
10	tsʰʷ	consonant	alveolar	affricate	voiceless	aspirated_labialized
11	dzʰ	consonant	alveolar	affricate	voiced	aspirated
12	ⁿtsʼ	consonant	alveolar	affricate	voiceless	glottalized_prenasalized
13	tsʰ	consonant	alveolar	affricate	voiceless	aspirated
14	dzʲ	consonant	alveolar	affricate	voiced	palatalized
15	ts	consonant	alveolar	affricate	voiceless	plain
16	tsʼ	consonant	alveolar	affricate	voiceless	glottalized
17	tsjʰ	consonant	alveolar	affricate	voiceless	aspirated_palatalized
18	tz	consonant	alveolar	affricate	voiceless_to_voiced	plain
19	dzʷ	consonant	alveolar	affricate	voiced	labialized
20	dz	consonant	alveolar	affricate	voiced	plain
21	ᵐts	consonant	alveolar	affricate	voiceless	labial_prenasalized
22	tswʰ	consonant	alveolar	affricate	voiceless	aspirated_labialized
23	tsʼʷ	consonant	alveolar	affricate	voiceless	glottalized_labialized
24	dzʼ	consonant	alveolar	affricate	voiced	glottalized
25	tsʲ	consonant	alveolar	affricate	voiceless	palatalized
26	tːs	consonant	alveolar	affricate	voiceless_long	plain
27	ⁿdz	consonant	alveolar	affricate	voiced	prenasalized
28	ᵐdz	consonant	alveolar	affricate	voiced	labial_prenasalized
29	tsʷ	consonant	alveolar	affricate	voiceless	labialized
30	ɹː	consonant	alveolar	approximant	voiced_long	plain
31	ɹ	consonant	alveolar	approximant	voiced	plain
32	nkǃ	consonant	alveolar	click	voiceless	alveolar_prenasalized
33	ɡǃ	consonant	alveolar	click	voiced	plain
34	ǃ	consonant	alveolar	click	voiceless	plain
35	ǃʔ	consonant	alveolar	click	voiceless	glottalized
36	ǃx	consonant	alveolar	click	voiceless	x_accompaniment
37	ǃqʰ	consonant	alveolar	click	voiceless	aspirated_q_accompaniment
38	ǃkxʔ	consonant	alveolar	click	voiceless	glottalized_kx_accompaniment
39	ɡǃkx	consonant	alveolar	click	voiced	kx_accompaniment
40	ǃq	consonant	alveolar	click	voiceless	q_accompaniment
41	ɡǃʰ	consonant	alveolar	click	voiced	aspirated
42	ʔʘn	consonant	alveolar	click	voiceless	glottalized_prenasalized
43	ǃr	consonant	alveolar	click	voiceless	r_accompaniment
44	lǃ	consonant	alveolar	click	voiced	l_accompaniment
45	ǃt	consonant	alveolar	click	voiceless	t_accompaniment
46	ǃʰ	consonant	alveolar	click	voiceless	aspirated
47	ǃʃ	consonant	alveolar	click	voiceless	S_accompaniment
48	nǃ	consonant	alveolar	click	voiceless	prenasalized
49	ǃn̥	consonant	alveolar	click	voiceless	voiceless_nasalized
50	ɡǃx	consonant	alveolar	click	voiced	x_accompaniment
51	mǃG	consonant	alveolar	click	voiceless	labial_prenasalized_G_accompaniment
52	ǃqʔ	consonant	alveolar	click	voiceless	glottalized_q_accompaniment
53	ʔǃn	consonant	alveolar	click	voiceless	nasalized_preglottalized
54	ǃs	consonant	alveolar	click	voiceless	s_accompaniment
55	ǃn	consonant	alveolar	click	voiceless	nasalized
56	ǃd	consonant	alveolar	click	voiceless	d_accompaniment
57	nɡǃ	consonant	alveolar	click	voiced	prenasalized
58	ǃʒ	consonant	alveolar	click	voiceless	Z_accompaniment
59	ǃz	consonant	alveolar	click	voiceless	z_accompaniment
60	tʼ	consonant	alveolar	ejective	voiceless	plain
61	t'	consonant	alveolar	ejective	voiceless	plain
62	tʼʷ	consonant	alveolar	ejective	voiceless	labialized
63	dʼ	consonant	alveolar	ejective	voiced	plain
64	ɾʲ	consonant	alveolar	flap	voiced	palatalized
65	ɾˤ	consonant	alveolar	flap	voiced	pharyngealized
66	ɾ	consonant	alveolar	flap	voiced	plain
67	ɾ̃	consonant	alveolar	flap	voiced	nasalized
68	ⁿz	consonant	alveolar	fricative	voiced	prenasalized
69	s̀	consonant	alveolar	fricative	voiceless	tense
70	š	consonant	alveolar	fricative	voiceless	trilled
71	sʰ	consonant	alveolar	fricative	voiceless	aspirated
72	sː	consonant	alveolar	fricative	voiceless_long	plain
73	zʰ	consonant	alveolar	fricative	voiced	aspirated
74	nzʷ	consonant	alveolar	fricative	voiced	labialized_prenasalized
75	ʃʼʷ	consonant	alveolar	fricative	voiceless	glottalized_labialized
76	sʼ	consonant	alveolar	fricative	voiceless	glottalized
77	z̤	consonant	alveolar	fricative	breathy	plain
78	sˠ	consonant	alveolar	fricative	voiceless	velarized
79	sʷ	consonant	alveolar	fricative	voiceless	labialized
80	z	consonant	alveolar	fricative	voiced	plain
81	zʷ	consonant	alveolar	fricative	voiced	labialized
82	sɥ	consonant	alveolar	fricative	voiceless	labiopalatalized
83	zˤ	consonant	alveolar	fricative	voiced	pharyngealized
84	zʲ	consonant	alveolar	fricative	voiced	palatalized
85	n̥s	consonant	alveolar	fricative	voiceless	voiceless_prenasalized
86	sˤ	consonant	alveolar	fricative	voiceless	pharyngealized
87	ⁿs	consonant	alveolar	fricative	voiceless	prenasalized
88	zʼ	consonant	alveolar	fricative	voiced	glottalized
89	s	consonant	alveolar	fricative	voiceless	plain
90	sʲ	consonant	alveolar	fricative	voiceless	palatalized
91	ɗʷ	consonant	alveolar	implosive	voiced	labialized
92	ɗ̥	consonant	alveolar	implosive	voiced	devoiced
93	ɗ	consonant	alveolar	implosive	voiced	plain
94	n̏	consonant	alveolar	nasal	voiced	heavy
95	n̥	consonant	alveolar	nasal	voiceless	plain
96	n’	consonant	alveolar	nasal	voiced	glottalized
97	n̩	consonant	alveolar	nasal	voiced	syllabic
98	nʰ	consonant	alveolar	nasal	voiced	aspirated
99	n̤	consonant	alveolar	nasal	breathy	plain
100	nʷ	consonant	alveolar	nasal	voiced	labialized
101	nʲ	consonant	alveolar	nasal	voiced	palatalized
102	ʔn	consonant	alveolar	nasal	voiced	preglottalized
103	nˤː	consonant	alveolar	nasal	voiced_long	pharyngealized
104	nˤ	consonant	alveolar	nasal	voiced	pharyngealized
105	n̂	consonant	alveolar	nasal	voiced	lax
106	nː	consonant	alveolar	nasal	voiced_long	plain
107	n	consonant	alveolar	nasal	voiced	plain
108	ʔd	consonant	alveolar	stop	voiced	preglottalized
109	d̥	consonant	alveolar	stop	devoiced	plain
110	t̂	consonant	alveolar	stop	voiceless	lenis
111	tʲʼ	consonant	alveolar	stop	voiceless	glottalized_palatalized
112	dˠ	consonant	alveolar	stop	voiced	velarized
113	nd̥	consonant	alveolar	stop	devoiced	prenasalized
114	ᵐt	consonant	alveolar	stop	voiceless	labial_prenasalized
115	tʲ	consonant	alveolar	stop	voiceless	palatalized
116	tɦ	consonant	alveolar	stop	voiceless	voiced_aspirated
117	ⁿd	consonant	alveolar	stop	voiced	prenasalized
118	d̥ʰ	consonant	alveolar	stop	devoiced	aspirated
119	d̤	consonant	alveolar	stop	breathy	plain
120	t	consonant	alveolar	stop	voiceless	plain
121	tˡ	consonant	alveolar	stop	voiceless	lateral
122	tʼˡ	consonant	alveolar	stop	voiceless	lateral_glottalized
123	tⁿ	consonant	alveolar	stop	voiceless	postnasalized
124	ⁿdʷ	consonant	alveolar	stop	voiced	labialized_prenasalized
125	ᵐd	consonant	alveolar	stop	voiced	labial_prenasalized
126	dʰ	consonant	alveolar	stop	voiced	aspirated
127	ʔt	consonant	alveolar	stop	voiceless	preglottalized
128	dˤ	consonant	alveolar	stop	voiced	pharyngealized
129	dʲ	consonant	alveolar	stop	voiced	palatalized
130	tː	consonant	alveolar	stop	voiceless_long	plain
131	dʷ	consonant	alveolar	stop	voiced	labialized
132	t̀	consonant	alveolar	stop	voiceless	tense
133	dː	consonant	alveolar	stop	voiced_long	plain
134	tˤ	consonant	alveolar	stop	voiceless	pharyngealized
135	tʲʰ	consonant	alveolar	stop	voiceless	aspirated_palatalized
136	d̏	consonant	alveolar	stop	voiced	heavy
137	tʷ	consonant	alveolar	stop	voiceless	labialized
138	tʰ	consonant	alveolar	stop	voiceless	aspirated
139	d̤ː	consonant	alveolar	stop	breathy_long	plain
140	ⁿt	consonant	alveolar	stop	voiceless	prenasalized
141	d̂	consonant	alveolar	stop	voiced	lenis
142	ⁿdʲ	consonant	alveolar	stop	voiced	palatalized_prenasalized
143	tr	consonant	alveolar	stop	voiceless	rhotic
144	ⁿtʰ	consonant	alveolar	stop	voiceless	aspirated_prenasalized
145	d	consonant	alveolar	stop	voiced	plain
146	dˡ	consonant	alveolar	stop	voiced	lateral
147	tʰʷ	consonant	alveolar	stop	voiceless	aspirated_labialized
148	tˠ	consonant	alveolar	stop	voiceless	velarized
149	d̀	consonant	alveolar	stop	voiced	tense
150	ŋtw	consonant	alveolar	stop	voiceless	labialized_velar_prenasalized
151	rʼ	consonant	alveolar	trill	voiced	glottalized
152	ⁿr	consonant	alveolar	trill	voiced	prenasalized
153	r	consonant	alveolar	trill	voiced	plain
154	r̩	consonant	alveolar	trill	voiced	syllabic
155	r̥	consonant	alveolar	trill	voiceless	plain
156	rˤː	consonant	alveolar	trill	voiced_long	pharyngealized
157	rʰ	consonant	alveolar	trill	voiced	aspirated
158	ř	consonant	alveolar	trill	voiced	strident
159	r̥ʰ	consonant	alveolar	trill	voiceless	aspirated
160	rˤ	consonant	alveolar	trill	voiced	pharyngealized
161	r̃	consonant	alveolar	trill	voiced	nasalized
162	rː	consonant	alveolar	trill	voiced_long	plain
163	rʷ	consonant	alveolar	trill	voiced	labialized
164	rʲ	consonant	alveolar	trill	voiced	palatalized
165	tɕɥ	consonant	alveolar_to_alveolopalatal	affricate	voiceless	labiopalatalized
166	ⁿdβ	consonant	alveolar_to_bilabial	affricate	voiced	prenasalized
167	dβ	consonant	alveolar_to_bilabial	affricate	voiced	plain
168	tɸʰ	consonant	alveolar_to_bilabial	affricate	voiceless	aspirated
169	ⁿtɸ	consonant	alveolar_to_bilabial	affricate	voiceless	prenasalized
170	tθʼ	consonant	alveolar_to_dental	affricate	voiceless	glottalized
171	dð	consonant	alveolar_to_interdental	affricate	voiced	plain
172	tθ	consonant	alveolar_to_interdental	affricate	voiceless	plain
173	tçʰ	consonant	alveolar_to_palatal	affricate	voiceless	aspirated
174	tç	consonant	alveolar_to_palatal	affricate	voiceless	plain
175	dʝ	consonant	alveolar_to_palatal	affricate	voiced	plain
176	dʐ	consonant	alveolar_to_retroflex	affricate	voiced	plain
177	tʂ	consonant	alveolar_to_retroflex	affricate	voiceless	plain
178	tʂʰ	consonant	alveolar_to_retroflex	affricate	voiceless	aspirated
179	tʂʼ	consonant	alveolar_to_retroflex	affricate	voiceless	glottalized
180	dɣw	consonant	alveolar_to_velar	affricate	voiced	labialized
181	tx	consonant	alveolar_to_velar	affricate	voiceless	plain
182	dx	consonant	alveolar_to_velar	affricate	voiced_to_voiceless	plain
183	dzʼkxʼ	consonant	alveolar_to_velar	affricate_to_affricate	voiced_to_voiceless	glottalized
184	tsʼkxʼ	consonant	alveolar_to_velar	affricate_to_affricate	voiceless	glottalized
185	tsx	consonant	alveolar_to_velar	affricate_to_fricative	voiceless	plain
186	dzɣw	consonant	alveolar_to_velar	affricate_to_fricative	voiced	labialized
187	dzx	consonant	alveolar_to_velar	affricate_to_fricative	voiced_to_voiceless	plain
188	ts͡kʷ	consonant	alveolar_to_velar	affricate_to_stop	voiceless	labialized
189	tʼkxʼ	consonant	alveolar_to_velar	ejective_to_affricate	voiceless	glottalized
190	dʼkxʼ	consonant	alveolar_to_velar	ejective_to_affricate	voiced_to_voiceless	glottalized
191	zʷ͡ɣw	consonant	alveolar_to_velar	fricative	voiced	labialized_labialized
192	z͡ɣw	consonant	alveolar_to_velar	fricative	voiced	labialized
193	s͡kʷ	consonant	alveolar_to_velar	fricative_to_stop	voiceless	labialized
194	nŋw	consonant	alveolar_to_velar	nasal	voiced	labialized
195	r͡ɣw	consonant	alveolar_to_velar	trill_to_affricate	voiced	labialized
196	dʑɥ	consonant	alveolopalatal	affricate	voiced	labiopalatalized
197	dʑ	consonant	alveolopalatal	affricate	voiced	plain
198	tːʃ	consonant	alveolopalatal	affricate	voiceless_long	plain
199	tɕʰ	consonant	alveolopalatal	affricate	voiceless	aspirated
200	tɕ	consonant	alveolopalatal	affricate	voiceless	plain
201	tːʃː	consonant	alveolopalatal	affricate	voiceless_extra_long	plain
202	tːɕ	consonant	alveolopalatal	affricate	voiceless_long	plain
203	ʑ	consonant	alveolopalatal	fricative	voiced	plain
204	ɕ	consonant	alveolopalatal	fricative	voiceless	plain
205	ɕɥ	consonant	alveolopalatal	fricative	voiceless	labiopalatalized
206	ɕʰ	consonant	alveolopalatal	fricative	voiceless	aspirated
207	pɸ	consonant	bilabial	affricate	voiceless	plain
208	ʘx	consonant	bilabial	click	voiceless	x_accompaniment
209	ʘ	consonant	bilabial	click	voiceless	plain
210	ʘq	consonant	bilabial	click	voiceless	q_accompaniment
211	ɡʘx	consonant	bilabial	click	voiced	x_accompaniment
212	ɡʘkx	consonant	bilabial	click	voiced	kx_accompaniment
213	ʘqʔ	consonant	bilabial	click	voiceless	glottalized_q_accompaniment
214	p<	consonant	bilabial	click	voiceless	pulmonic_ingressive
215	ʘn	consonant	bilabial	click	voiceless	nasalized
216	ɡʘ	consonant	bilabial	click	voiced	plain
217	mʘG	consonant	bilabial	click	voiceless	labial_prenasalized_G_accompaniment
218	ʘqʰ	consonant	bilabial	click	voiceless	aspirated_q_accompaniment
219	ɡʘʰ	consonant	bilabial	click	voiced	aspirated
220	ʘn̥	consonant	bilabial	click	voiceless	voiceless_nasalized
221	ʘʔ	consonant	bilabial	click	voiceless	glottalized
222	ʘkxʔ	consonant	bilabial	click	voiceless	glottalized_kx_accompaniment
223	ʘʰ	consonant	bilabial	click	voiceless	aspirated
224	pʼ	consonant	bilabial	ejective	voiceless	plain
225	pʼˤ	consonant	bilabial	ejective	voiceless	pharyngealized
226	ɸ	consonant	bilabial	fricative	voiceless	plain
227	β	consonant	bilabial	fricative	voiced	plain
228	ᵐv	consonant	bilabial	fricative	voiced	prenasalized
229	ɓ	consonant	bilabial	implosive	voiced	plain
230	ɓ̥	consonant	bilabial	implosive	voiceless	plain
231	ɓʷ	consonant	bilabial	implosive	voiced	labialized
232	ɓ̥ˠ	consonant	bilabial	implosive	voiceless	velarized
233	ʔm	consonant	bilabial	nasal	voiced	preglottalized
234	mˠ	consonant	bilabial	nasal	voiced	velarized
235	m̩	consonant	bilabial	nasal	voiced	syllabic
236	mˤ	consonant	bilabial	nasal	voiced	pharyngealized
237	m̥	consonant	bilabial	nasal	voiceless	plain
238	mʷ	consonant	bilabial	nasal	voiced	labialized
239	mˡ	consonant	bilabial	nasal	voiced	lateral
240	m̥ʰ	consonant	bilabial	nasal	voiceless	aspirated
241	m	consonant	bilabial	nasal	voiced	plain
242	mʲ	consonant	bilabial	nasal	voiced	palatalized
243	m̏	consonant	bilabial	nasal	voiced	heavy
244	mː	consonant	bilabial	nasal	voiced_long	plain
245	mʰ	consonant	bilabial	nasal	voiced	aspirated
246	m̤	consonant	bilabial	nasal	breathy	plain
247	m̂	consonant	bilabial	nasal	voiced	lenis
248	m<	consonant	bilabial	nasal	voiced	pulmonic_ingressive
249	mʼ	consonant	bilabial	nasal	voiced	glottalized
250	βm	consonant	bilabial	nasal_spirant	voiced	plain
251	mβ	consonant	bilabial	nasal_spirant	voiced	plain
252	ʔb	consonant	bilabial	stop	voiced	preglottalized
253	b̀	consonant	bilabial	stop	voiced	tense
254	ᵐpʼ	consonant	bilabial	stop	voiceless	glottalized_prenasalized
255	ᵐb	consonant	bilabial	stop	voiced	prenasalized
256	b̏	consonant	bilabial	stop	voiced	heavy
257	b	consonant	bilabial	stop	voiced	plain
258	pɦ	consonant	bilabial	stop	voiceless	voiced_aspirated
259	pᵐ	consonant	bilabial	stop	voiceless	postnasalized
260	pʷ	consonant	bilabial	stop	voiceless	labialized
261	b*	consonant	bilabial	stop	voiced	lax
262	pː	consonant	bilabial	stop	voiceless_long	plain
263	p*	consonant	bilabial	stop	voiceless	lax
264	pʰ	consonant	bilabial	stop	voiceless	aspirated
265	ᵐbʷ	consonant	bilabial	stop	voiced	labialized_prenasalized
266	bʲ	consonant	bilabial	stop	voiced	palatalized
267	pˠ	consonant	bilabial	stop	voiceless	velarized
268	pʲʰ	consonant	bilabial	stop	voiceless	aspirated_palatalized
269	bʰ	consonant	bilabial	stop	voiced	aspirated
270	bʼ	consonant	bilabial	stop	voiced	glottalized
271	b̂	consonant	bilabial	stop	voiced	lenis
272	pʷʼ	consonant	bilabial	stop	voiceless	glottalized_labialized
273	pʲ	consonant	bilabial	stop	voiceless	palatalized
274	bˤ	consonant	bilabial	stop	voiced	pharyngealized
275	ᵐbʲ	consonant	bilabial	stop	voiced	palatalized_prenasalized
276	ᵐpʰ	consonant	bilabial	stop	voiceless	aspirated_prenasalized
277	bˡ	consonant	bilabial	stop	voiced	lateral
278	ᵐp	consonant	bilabial	stop	voiceless	prenasalized
279	bʷ	consonant	bilabial	stop	voiced	labialized
280	mb̥	consonant	bilabial	stop	devoiced	prenasalized
281	b̤	consonant	bilabial	stop	breathy	plain
282	pˤ	consonant	bilabial	stop	voiceless	pharyngealized
283	b̥	consonant	bilabial	stop	devoiced	plain
284	bː	consonant	bilabial	stop	voiced_long	plain
285	pʰʷ	consonant	bilabial	stop	voiceless	aspirated_labialized
286	b̥ʰ	consonant	bilabial	stop	devoiced	aspirated
287	ʔp	consonant	bilabial	stop	voiceless	preglottalized
288	pˡ	consonant	bilabial	stop	voiceless	lateral
289	p̀	consonant	bilabial	stop	voiceless	tense
290	b	consonant	bilabial	stop	voiced	velar_prenasalized
291	p	consonant	bilabial	stop	voiceless	plain
292	ʙ	consonant	bilabial	trill	voiced	plain
293	bz	consonant	bilabial_to_alveolar	affricate	voiced	plain
294	ps	consonant	bilabial_to_alveolar	affricate	voiceless	plain
295	mnl	consonant	bilabial_to_alveolar	nasal	voiced	lateral
296	p͡t	consonant	bilabial_to_alveolar	stop	voiceless	plain
297	b͡d	consonant	bilabial_to_alveolar	stop	voiced	plain
298	p͡ts	consonant	bilabial_to_alveolar	stop_to_affricate	voiceless	plain
299	b͡dz	consonant	bilabial_to_alveolar	stop_to_affricate	voiced	plain
300	b͡ɗ	consonant	bilabial_to_alveolar	stop_to_implosive	voiced	plain
301	bɮ	consonant	bilabial_to_lateral	affricate	voiced	plain
302	pʃʼ	consonant	bilabial_to_postalveolar	affricate	voiceless	glottalized
303	bʒ	consonant	bilabial_to_postalveolar	affricate	voiced	plain
304	pʃʰ	consonant	bilabial_to_postalveolar	affricate	voiceless	aspirated
305	b͡dʒ	consonant	bilabial_to_postalveolar	stop_to_affricate	voiced	plain
306	b͡tʃ	consonant	bilabial_to_postalveolar	stop_to_affricate	voiced_to_voiceless	plain
307	m͡ŋ	consonant	bilabial_to_velar	nasal	voiced	plain
308	b͡ɡ	consonant	bilabial_to_velar	stop	voiced	plain
309	p͡k	consonant	bilabial_to_velar	stop	voiceless	plain
310	t̪s̪ʰʷ	consonant	dental	affricate	voiceless	aspirated_labialized
311	t̪s̪ː	consonant	dental	affricate	voiceless_long	plain
312	t̪s̪	consonant	dental	affricate	voiceless	plain
313	t̪s̪ɦ	consonant	dental	affricate	voiceless	voiced_aspirated
314	d̪z̪ʷ	consonant	dental	affricate	voiced	labialized
315	t̺s̺ʲ	consonant	dental	affricate	voiceless	palatalized
316	d̪z̪ʲ	consonant	dental	affricate	voiced	palatalized
317	d̪z̪	consonant	dental	affricate	voiced	plain
318	t̪s̪ʰ	consonant	dental	affricate	voiceless	aspirated
319	t̪s̪ʼ	consonant	dental	affricate	voiceless	glottalized
320	ǀs	consonant	dental	click	voiceless	affricative
321	ʔǀn	consonant	dental	click	voiceless	nasalized_preglottalized
322	nkǀ	consonant	dental	click	voiceless	alveolar_prenasalized_k_accompaniment
323	nǀ	consonant	dental	click	voiceless	prenasalized
324	ǀn̥	consonant	dental	click	voiceless	voiceless_nasalized
325	mǀG	consonant	dental	click	voiceless	labial_prenasalized_G_accompaniment
326	ǀʰ	consonant	dental	click	voiceless	aspirated
327	ǀkxʔ	consonant	dental	click	voiceless	glottalized_kx_accompaniment
328	ɡǀ	consonant	dental	click	voiced	plain
329	ǀqʔ	consonant	dental	click	voiceless	glottalized_q_accompaniment
330	nɡǀ	consonant	dental	click	voiced	prenasalized
331	ɡǀkx	consonant	dental	click	voiced	kx_accompaniment
332	ǀʔ	consonant	dental	click	voiceless	glottalized
333	ɡǀʰ	consonant	dental	click	voiced	aspirated
334	ⁿǀ	consonant	dental	click	voiceless	prenasalized
335	ǀn	consonant	dental	click	voiceless	nasalized
336	ǀx	consonant	dental	click	voiceless	x_accompaniment
337	ɡǀx	consonant	dental	click	voiced	x_accompaniment
338	ǀqʰ	consonant	dental	click	voiceless	aspirated_q_accompaniment
339	ǀq	consonant	dental	click	voiceless	q_accompaniment
340	ǀ	consonant	dental	click	voiceless	plain
341	t̪ʼ	consonant	dental	ejective	voiceless	plain
342	n̪t̪ʼ	consonant	dental	ejective	voiceless	prenasalized
343	ɾ̪ˤ	consonant	dental	flap	voiced	pharyngealized
344	ɾ̪	consonant	dental	flap	voiced	plain
345	z̪ˤː	consonant	dental	fricative	voiced_long	pharyngealized
346	z̪ː	consonant	dental	fricative	voiced_long	plain
347	s̪ʼ	consonant	dental	fricative	voiceless	glottalized
348	s̪ˤ	consonant	dental	fricative	voiceless	pharyngealized
349	z̪ʲ	consonant	dental	fricative	voiced	palatalized
350	z̪	consonant	dental	fricative	voiced	plain
351	n̪z̪	consonant	dental	fricative	voiced	prenasalized
352	s̪ː	consonant	dental	fricative	voiceless_long	plain
353	s̪ˤː	consonant	dental	fricative	voiceless_long	pharyngealized
354	z̪ˤ	consonant	dental	fricative	voiced	pharyngealized
355	s̪ʲ	consonant	dental	fricative	voiceless	palatalized
356	s̪	consonant	dental	fricative	voiceless	plain
357	ɗ̪	consonant	dental	implosive	voiced	plain
358	l̪ː	consonant	dental	lateral_approximant	voiced_long	plain
359	l̪ʼ	consonant	dental	lateral_approximant	voiced	glottalized
360	l̪ˤ	consonant	dental	lateral_approximant	voiced	pharyngealized
361	l̪ˤː	consonant	dental	lateral_approximant	voiced_long	pharyngealized
362	l̪	consonant	dental	lateral_approximant	voiced	plain
363	l̪ʰ	consonant	dental	lateral_approximant	voiced	aspirated
364	l̪ʲ	consonant	dental	lateral_approximant	voiced	palatalized
365	l̪θ	consonant	dental	lateral_approximant_to_fricative	voiced_to_voiceless	plain
366	n̪ʰ	consonant	dental	nasal	voiced	aspirated
367	n̪ʲ	consonant	dental	nasal	voiced	palatalized
368	n̪	consonant	dental	nasal	voiced	plain
369	n̪ː	consonant	dental	nasal	voiced_long	plain
370	n̪ʼ	consonant	dental	nasal	voiced	glottalized
371	d̪	consonant	dental	stop	voiced	plain
372	ⁿd̪	consonant	dental	stop	voiced	prenasalized
373	t̪̀	consonant	dental	stop	voiceless	tense
374	t̪ˤː	consonant	dental	stop	voiceless_long	pharyngealized
375	t̪ʷ	consonant	dental	stop	voiceless	labialized
376	t̪ʲ	consonant	dental	stop	voiceless	palatalized
377	n̪t̪	consonant	dental	stop	voiceless	prenasalized
378	t̪ˤ	consonant	dental	stop	voiceless	pharyngealized
379	d̪ˤ	consonant	dental	stop	voiced	pharyngealized
380	d̪ː	consonant	dental	stop	voiced_long	plain
381	d̪ʰ	consonant	dental	stop	voiced	aspirated
382	t̪	consonant	dental	stop	voiceless	plain
383	t̪ʰ	consonant	dental	stop	voiceless	aspirated
384	t̪ⁿ	consonant	dental	stop	voiceless	postnasalized
385	d̪ʲ	consonant	dental	stop	voiced	palatalized
386	t̪ː	consonant	dental	stop	voiceless_long	plain
387	d̪ˤː	consonant	dental	stop	voiced_long	pharyngealized
388	r̪ʲ	consonant	dental	trill	voiced	palatalized
389	r̪	consonant	dental	trill	voiced	plain
390	s̪v	consonant	dental_to_labiodental	fricative	voiceless_to_voiced	plain
391	z̪v	consonant	dental_to_labiodental	fricative	voiced	plain
392	t̪͡c	consonant	dental_to_palatal	stop	voiceless	plain
393	d̪ʒ	consonant	dental_to_postalveolar	affricate	voiced	plain
394	t̪ʃ	consonant	dental_to_postalveolar	affricate	voiceless	plain
395	t̪͡k	consonant	dental_to_velar	stop	voiceless	plain
396	ʜ	consonant	epiglottal	fricative	voiceless	plain
397	ʡ	consonant	epiglottal	fricative	voiced	plain
398	ʢ	consonant	epiglottal	stop	voiceless	plain
399	hˤ	consonant	glottal	fricative	voiceless	pharyngealized
400	ɦʲ	consonant	glottal	fricative	voiced	palatalized
401	ɦ	consonant	glottal	fricative	voiced	plain
402	hʷː	consonant	glottal	fricative	voiceless_long	labialized
403	ɦʷ	consonant	glottal	fricative	voiced	labialized
404	h̃	consonant	glottal	fricative	voiceless	nasalized
405	h	consonant	glottal	fricative	voiceless	plain
406	hʲ	consonant	glottal	fricative	voiceless	palatalized
407	hʷ	consonant	glottal	fricative	voiceless	labialized
408	ɦ̃	consonant	glottal	fricative	voiced	nasalized
409	ʔ	consonant	glottal	stop	voiceless	plain
410	ʔʷ	consonant	glottal	stop	voiceless	labialized
411	ʔˤ	consonant	glottal	stop	voiceless	pharyngealized
412	d̪ð	consonant	interdental	affricate	voiced	plain
413	t̪θ	consonant	interdental	affricate	voiceless	plain
414	ɾð	consonant	interdental	flap	voiced	plain
415	ðʲ	consonant	interdental	fricative	voiced	palatalized
416	nð	consonant	interdental	fricative	voiced	prenasalized
417	θ	consonant	interdental	fricative	voiceless	plain
418	ðˤ	consonant	interdental	fricative	voiced	pharyngealized
419	ð	consonant	interdental	fricative	voiced	plain
420	ðˠ	consonant	interdental	fricative	voiced	velarized
421	θʼ	consonant	interdental	fricative	voiceless	glottalized
422	ðn	consonant	interdental	nasal_spirant	voiceless	plain
423	pv	consonant	labiodental	affricate	voiceless_to_voiced	plain
424	pf	consonant	labiodental	affricate	voiceless	plain
425	pfʰ	consonant	labiodental	affricate	voiceless	aspirated
426	bv	consonant	labiodental	affricate	voiced	plain
427	ʋ*	consonant	labiodental	approximant	voiced	lax
428	ʋ	consonant	labiodental	approximant	voiced	plain
429	ʋʰ	consonant	labiodental	approximant	voiced	aspirated
430	ʋʲ	consonant	labiodental	approximant	voiced	palatalized
431	ʋ̃	consonant	labiodental	approximant	voiced	nasalized
432	vɾ	consonant	labiodental	flap	voiced	plain
433		consonant	labiodental	flap	voiced	plain
434	vʲ	consonant	labiodental	fricative	voiced	palatalized
435	fʲ	consonant	labiodental	fricative	voiceless	palatalized
436	v̥	consonant	labiodental	fricative	devoiced	plain
437	ᵐf	consonant	labiodental	fricative	voiceless	prenasalized
438	vː	consonant	labiodental	fricative	voiced_long	plain
439	vʷ	consonant	labiodental	fricative	voiced	labialized
440	vˡ	consonant	labiodental	fricative	voiced	lateral
441	vˤ	consonant	labiodental	fricative	voiced	pharyngealized
442	fˡ	consonant	labiodental	fricative	voiceless	lateral
443	fʼ	consonant	labiodental	fricative	voiceless	glottalized
444	fː	consonant	labiodental	fricative	voiceless_long	plain
445	v̤	consonant	labiodental	fricative	breathy	plain
446	ṽʲ	consonant	labiodental	fricative	voiced	nasalized_palatalized
447	ɱ̥f	consonant	labiodental	fricative	voiceless	voiceless_prenasalized
448	fˤ	consonant	labiodental	fricative	voiceless	pharyngealized
449	vʰ	consonant	labiodental	fricative	voiced	aspirated
450	fʷ	consonant	labiodental	fricative	voiceless	labialized
451	v	consonant	labiodental	fricative	voiced	plain
452	f	consonant	labiodental	fricative	voiceless	plain
453	ɱ	consonant	labiodental	nasal	voiced	plain
454	v̌	consonant	labiodental	trill	voiced	plain
455	fʃ	consonant	labiodental_to_postalveolar	fricative	voiceless	plain
456	b͡ʝ	consonant	labiopalatal	affricate	voiced	plain
457	b͡ç	consonant	labiopalatal	affricate	voiced_to_voiceless	plain
458	ɥ	consonant	labiopalatal	approximant	voiced	plain
459	ɥ̥	consonant	labiopalatal	approximant	voiceless	plain
460	w̃	consonant	labiovelar	approximant	voiced	nasalized
461	wɦ	consonant	labiovelar	approximant	voiced	voiced_aspirated
462	w	consonant	labiovelar	approximant	voiced	plain
463	w*	consonant	labiovelar	approximant	voiced	lax
464	wˤ	consonant	labiovelar	approximant	voiced	pharyngealized
465	wː	consonant	labiovelar	approximant	voiced_long	plain
466	wʰ	consonant	labiovelar	approximant	voiced	aspirated
467	ʔw	consonant	labiovelar	approximant	voiced	preglottalized
468	wʼ	consonant	labiovelar	approximant	voiced	glottalized
469	ʍ	consonant	labiovelar	approximant	voiceless	plain
470	wʲ	consonant	labiovelar	approximant	voiced	palatalized
471	ɣ͡β	consonant	labiovelar	fricative	voiced	plain
472	x͡ɸ	consonant	labiovelar	fricative	voiceless	plain
473	ɠ͡ɓ	consonant	labiovelar	implosive	voiced	plain
474	o̯	consonant	labiovelar	mid_approximant	voiced	plain
475	ŋ͡mʲ	consonant	labiovelar	nasal	voiced	palatalized
476	ŋ͡m	consonant	labiovelar	nasal	voiced	plain
477	ɡ̂͡b̂	consonant	labiovelar	stop	voiced	lenis
478	ᵐɡ͡b	consonant	labiovelar	stop	voiced	labial_prenasalized
479	ɡ͡b	consonant	labiovelar	stop	voiced	velar_prenasalized
480	ᵐk͡p	consonant	labiovelar	stop	voiceless	labial_prenasalized
481	k͡p	consonant	labiovelar	stop	voiceless	plain
482	p͡kʰ	consonant	labiovelar	stop	voiceless	aspirated
483	k̂͡p̂	consonant	labiovelar	stop	voiceless	lenis
484	ɡ͡bʲ	consonant	labiovelar	stop	voiced	palatalized
485	k͡pʲ	consonant	labiovelar	stop	voiceless	palatalized
486	ɡ͡b	consonant	labiovelar	stop	voiced	plain
487	ɡ͡p	consonant	labiovelar	stop	voiced_to_voiceless	plain
488	k͡pʷ	consonant	labiovelar	stop	voiceless	labialized
489	ᵐɡ͡b	consonant	labiovelar	stop	voiced	prenasalized
490	ɡ͡bʷ	consonant	labiovelar	stop	voiced	labialized
491	ɡ͡ɓ	consonant	labiovelar	stop_to_implosive	voiced	plain
492	t̻s̻	consonant	laminal_alveolar	affricate	voiceless	plain
493	s̻ˤ	consonant	laminal_alveolar	fricative	voiceless	pharyngealized
494	z̻ˤ	consonant	laminal_alveolar	fricative	voiced	pharyngealized
495	s̻	consonant	laminal_alveolar	fricative	voiceless	plain
496	z̻	consonant	laminal_alveolar	fricative	voiced	plain
497	n̻	consonant	laminal_alveolar	nasal	voiced	plain
498	d̻	consonant	laminal_alveolar	stop	voiced	plain
499	d̻ʑ	consonant	laminal_alveolar_to_alveolopalatal	affricate	voiced	plain
500	t̻ɕʰ	consonant	laminal_alveolar_to_alveolopalatal	affricate	voiceless	aspirated
501	t̻ɕ	consonant	laminal_alveolar_to_alveolopalatal	affricate	voiceless	plain
502	t̻ɕʼ	consonant	laminal_alveolar_to_alveolopalatal	affricate	voiceless	glottalized
503	d̻ʒ̻	consonant	laminal_alveolar_to_laminal_postalveolar	affricate	voiced	plain
504	t̻ʃ̻	consonant	laminal_postalveolar	affricate	voiceless	plain
505	ʃ̥ʷ	consonant	laminal_postalveolar	fricative	voiceless	labialized
506	ʒ̥ʷ	consonant	laminal_postalveolar	fricative	voiced	labialized
507	ʒ̥	consonant	laminal_postalveolar	fricative	voiced	plain
508	tɬʼ	consonant	lateral	affricate	voiceless	glottalized
509	ⁿtɬ	consonant	lateral	affricate	voiceless	prenasalized
510	tɬʰ	consonant	lateral	affricate	voiceless	aspirated
511	tɬ	consonant	lateral	affricate	voiceless	plain
512	ⁿdɮ	consonant	lateral	affricate	voiced	prenasalized
513	ǁkxʔ	consonant	lateral	click	voiceless	glottalized_kx_accompaniment
514	ǁ	consonant	lateral	click	voiceless	plain
515	ǁqʔ	consonant	lateral	click	voiceless	glottalized_q_accompaniment
516	ʔǁn	consonant	lateral	click	voiceless	glottalized_prenasalized
517	ǁʰ	consonant	lateral	click	voiceless	aspirated
518	ǁʔ	consonant	lateral	click	voiceless	glottalized
519	ɡǁkx	consonant	lateral	click	voiced	kx_accompaniment
520	ɡǁx	consonant	lateral	click	voiced	x_accompaniment
521	mǁG	consonant	lateral	click	voiced	labial_prenasalized_G_accompaniment
522	ǁn̥	consonant	lateral	click	voiced	voiceless_nasalized
523	ǁqʰ	consonant	lateral	click	voiceless	aspirated_q_accompaniment
524	ǁx	consonant	lateral	click	voiceless	x_accompaniment
525	nǁ	consonant	lateral	click	voiceless	prenasalized
526	ǁq	consonant	lateral	click	voiceless	q_accompaniment
527	ǁn	consonant	lateral	click	voiced	nasalized
528	ɡǁʰ	consonant	lateral	click	voiced	aspirated
529	ɡǁ	consonant	lateral	click	voiced	plain
530	nɡǁ	consonant	lateral	click	voiced	prenasalized
531	ɺ	consonant	lateral	flap	voiced	plain
532	ɾˡ	consonant	lateral	flap	voiced	plain
533	ⁿɬ	consonant	lateral	fricative	voiceless	prenasalized
534	ɬʷ	consonant	lateral	fricative	voiceless	labialized
535	ɬ̀	consonant	lateral	fricative	voiceless	tense
536	ᵐɬ	consonant	lateral	fricative	voiceless	labial_prenasalized
537	ⁿɮ	consonant	lateral	fricative	voiced	prenasalized
538	ɬː	consonant	lateral	fricative	voiceless_long	plain
539	ɮ	consonant	lateral	fricative	voiced	plain
540	ɬ	consonant	lateral	fricative	voiceless	plain
541	ɬʼ	consonant	lateral	fricative	voiceless	glottalized
542	lˤ	consonant	lateral	lateral_approximant	voiced	pharyngealized
543	l̩	consonant	lateral	lateral_approximant	voiced	syllabic
544	l̥	consonant	lateral	lateral_approximant	voiceless	plain
545	lː	consonant	lateral	lateral_approximant	voiced_long	plain
546	lʲ	consonant	lateral	lateral_approximant	voiced	palatalized
547	lʰ	consonant	lateral	lateral_approximant	voiced	aspirated
548	l̥ʰ	consonant	lateral	lateral_approximant	voiceless	aspirated
549	lˠ	consonant	lateral	lateral_approximant	voiced	velarized
550	l̤	consonant	lateral	lateral_approximant	breathy	plain
551	lɥ	consonant	lateral	lateral_approximant	voiced	labiopalatalized
552	lʲː	consonant	lateral	lateral_approximant	voiced_long	palatalized
553	ᵐl	consonant	lateral	lateral_approximant	voiced	labial_prenasalized
554	l	consonant	lateral	lateral_approximant	voiced	plain
555	lˠʷ	consonant	lateral	lateral_approximant	voiced	labialized_velarized
556	lʼ	consonant	lateral	lateral_approximant	voiced	glottalized
557	ʔl	consonant	lateral	lateral_approximant	voiced	preglottalized
558	lʷ	consonant	lateral	lateral_approximant	voiced	labialized
559	l̃	consonant	lateral	lateral_approximant	voiced	nasalized
560	tlʼ	consonant	lateral	stop	voiceless	glottalized
561	ⁿdl	consonant	lateral	stop	voiced	prenasalized
562	tlʰ	consonant	lateral	stop	voiceless	aspirated
563	dl	consonant	lateral	stop	voiced	plain
564	ⁿdlʼ	consonant	lateral	stop	voiced	glottalized_prenasalized
565	tl	consonant	lateral	stop	voiceless	plain
566	cçʼ	consonant	palatal	affricate	voiceless	glottalized
567	cçʰ	consonant	palatal	affricate	voiceless	aspirated
568	cç	consonant	palatal	affricate	voiceless	plain
569	ɟʝ	consonant	palatal	affricate	voiced	plain
570	j	consonant	palatal	approximant	voiced	plain
571	jʷ	consonant	palatal	approximant	voiced	labialized
572	jʼ	consonant	palatal	approximant	voiced	glottalized
573	jʰ	consonant	palatal	approximant	voiced	aspirated
574	ĵ	consonant	palatal	approximant	voiced	lenis
575	j̥	consonant	palatal	approximant	voiceless	plain
576	j̃	consonant	palatal	approximant	voiced	nasalized
577	ʔj	consonant	palatal	approximant	voiced	preglottalized
578	jː	consonant	palatal	approximant	voiced_long	plain
579	cʼ	consonant	palatal	ejective	voiceless	plain
580	ʝ	consonant	palatal	fricative	voiced	plain
581	çʷ	consonant	palatal	fricative	voiceless	labialized
582	ʝʼ	consonant	palatal	fricative	voiced	glottalized
583	ç	consonant	palatal	fricative	voiceless	plain
584	ʄ̥	consonant	palatal	implosive	voiceless	plain
585	ʄ	consonant	palatal	implosive	voiced	plain
586	ʎ̥	consonant	palatal	lateral_approximant	voiceless	plain
587	ʎː	consonant	palatal	lateral_approximant	voiced_long	plain
588	ʎ	consonant	palatal	lateral_approximant	voiced	plain
589	e̯	consonant	palatal	mid_approximant	voiced	plain
590	ɲɥ	consonant	palatal	nasal	voiced	labiopalatalized
591	ɲ̊	consonant	palatal	nasal	voiced	devoiced
592	ᵐɲ	consonant	palatal	nasal	voiced	labial_prenasalized
593	ɲː	consonant	palatal	nasal	voiced_long	plain
594	ɲ̥	consonant	palatal	nasal	voiceless	plain
595	ɲ	consonant	palatal	nasal	voiced	plain
596	ɲʰ	consonant	palatal	nasal	voiced	aspirated
597	ɲ̥ʰ	consonant	palatal	nasal	voiceless	aspirated
598	cː	consonant	palatal	stop	voiceless_long	plain
599	cʷ	consonant	palatal	stop	voiceless	labialized
600	cˤ	consonant	palatal	stop	voiceless	pharyngealized
601	c	consonant	palatal	stop	voiceless	postnasalized
602	ɟʷ	consonant	palatal	stop	voiced	labialized
603	ɟʰ	consonant	palatal	stop	voiced	aspirated
604	cʰ	consonant	palatal	stop	voiceless	aspirated
605	c	consonant	palatal	stop	voiceless	velar_prenasalized
606	c	consonant	palatal	stop	voiceless	plain
607	ɟ̥	consonant	palatal	stop	devoiced	plain
608	ⁿc	consonant	palatal	stop	voiceless	prenasalized
609	ɟ	consonant	palatal	stop	voiced	plain
610	ⁿɟ	consonant	palatal	stop	voiced	prenasalized
611	cɕ	consonant	palatal_to_alveolopalatal	affricate	voiceless	plain
612	ɟʑ	consonant	palatal_to_alveolopalatal	affricate	voiced	plain
613	cɕʰ	consonant	palatal_to_alveolopalatal	affricate	voiceless	aspirated
614	cɕʼ	consonant	palatal_to_alveolopalatal	affricate	voiceless	glottalized
615	c̀ɕ	consonant	palatal_to_alveolopalatal	affricate	voiceless	tense
616	ɲ͡n̪	consonant	palatal_to_dental	nasal	voiced	plain
617	ɲ̥cʃ	consonant	palatal_to_postalveolar	affricate	voiceless	voiceless_prenasalized
618	cʃ	consonant	palatal_to_postalveolar	affricate	voiceless	plain
619	ɧ	consonant	palatal_to_velar	fricative	voiceless	plain
620	ɲ͡ŋ	consonant	palatal_to_velar	nasal	voiced	plain
621	ɲ͡ŋw	consonant	palatal_to_velar	nasal	voiced	labialized
622	ǂʰ	consonant	palatoalveolar	click	voiceless	aspirated
623	ǂn	consonant	palatoalveolar	click	voiceless	nasalized
624	mǂG	consonant	palatoalveolar	click	voiceless	labial_prenasalized_G_accompaniment
625	ɡǂx	consonant	palatoalveolar	click	voiced	x_accompaniment
626	ǂn̥	consonant	palatoalveolar	click	voiceless	voiceless_nasalized
627	ǂx	consonant	palatoalveolar	click	voiceless	x_accompaniment
628	ǂq	consonant	palatoalveolar	click	voiceless	q_accompaniment
629	ɡǂ	consonant	palatoalveolar	click	voiced	plain
630	ǂqʔ	consonant	palatoalveolar	click	voiceless	glottalized_q_accompaniment
631	nǂ	consonant	palatoalveolar	click	voiceless	prenasalized
632	ǂʔ	consonant	palatoalveolar	click	voiceless	glottalized
633	ǂkxʔ	consonant	palatoalveolar	click	voiceless	glottalized_kx_accompaniment
634	ǂqʰ	consonant	palatoalveolar	click	voiceless	aspirated_q_accompaniment
635	nɡǂ	consonant	palatoalveolar	click	voiced	prenasalized
636	ɡǂkx	consonant	palatoalveolar	click	voiced	kx_accompaniment
637	ǂ	consonant	palatoalveolar	click	voiceless	plain
638	ʔǂn	consonant	palatoalveolar	click	voiceless	nasalized_preglottalized
639	ɡǂʰ	consonant	palatoalveolar	click	voiced	aspirated
640	ʕʷ	consonant	pharyngeal	fricative	voiced	labialized
641	ʕ	consonant	pharyngeal	fricative	voiced	plain
642	ħ	consonant	pharyngeal	fricative	voiceless	plain
643	ʕʼ	consonant	pharyngeal	fricative	voiced	glottalized
644	ʕʼʷ	consonant	pharyngeal	fricative	voiced	glottalized_labialized
645	ħʷ	consonant	pharyngeal	fricative	voiceless	labialized
646	N̩	consonant	placeless	nasal	voiced	syllabic
647	N?	consonant	placeless	nasal	voiced	plain
648	tʃˤ	consonant	postalveolar	affricate	voiceless	pharyngealized
649	ᵐtʃ	consonant	postalveolar	affricate	voiceless	labial_prenasalized
650	tʃʷʼ	consonant	postalveolar	affricate	voiceless	glottalized_labialized
651	tʃ	consonant	postalveolar	affricate	voiceless	plain
652	tʃʼ	consonant	postalveolar	affricate	voiceless	glottalized
653	tʃ̀	consonant	postalveolar	affricate	voiceless	tense
654	tʃʰʷ	consonant	postalveolar	affricate	voiceless	aspirated_labialized
655	dʒ	consonant	postalveolar	affricate	voiced	plain
656	ⁿtʃʰʷ	consonant	postalveolar	affricate	voiceless	aspirated_labialized_prenasalized
657	ᵐdʒ	consonant	postalveolar	affricate	voiced	labial_prenasalized
658	tʃʷ	consonant	postalveolar	affricate	voiceless	labialized
659	tʃɦ	consonant	postalveolar	affricate	voiceless	voiced_aspirated
660	ⁿtʃ	consonant	postalveolar	affricate	voiceless	prenasalized
661	tʃʰ	consonant	postalveolar	affricate	voiceless	aspirated
662	dːʒ	consonant	postalveolar	affricate	voiced_long	plain
663	dʒʲ	consonant	postalveolar	affricate	voiced	palatalized
664	tʃʲ	consonant	postalveolar	affricate	voiceless	palatalized
665	ⁿtʃʷ	consonant	postalveolar	affricate	voiceless	labialized_prenasalized
666	dʒʷ	consonant	postalveolar	affricate	voiced	labialized
667	dʒʰ	consonant	postalveolar	affricate	voiced	aspirated
668	ⁿtʃʼ	consonant	postalveolar	affricate	voiceless	glottalized_prenasalized
669	ⁿdʒ	consonant	postalveolar	affricate	voiced	prenasalized
670	ʒː	consonant	postalveolar	fricative	voiced_long	plain
671	ʃʷ	consonant	postalveolar	fricative	voiceless	labialized
672	ʒʰ	consonant	postalveolar	fricative	voiced	aspirated
673	ʒʷ	consonant	postalveolar	fricative	voiced	labialized
674	ᵐʃ	consonant	postalveolar	fricative	voiceless	labial_prenasalized
675	ⁿʒ	consonant	postalveolar	fricative	voiced	prenasalized
676	ʃʲ	consonant	postalveolar	fricative	voiceless	palatalized
677	ɲ̥ʃ	consonant	postalveolar	fricative	voiceless	voiceless_prenasalized
678	ʃː	consonant	postalveolar	fricative	voiceless_long	plain
679	ʃʼ	consonant	postalveolar	fricative	voiceless	glottalized
680	ʃ̀	consonant	postalveolar	fricative	voiceless	tense
681	ʒ̤	consonant	postalveolar	fricative	breathy	plain
682	ʒʲ	consonant	postalveolar	fricative	voiced	palatalized
683	ʃ	consonant	postalveolar	fricative	voiceless	plain
684	ⁿʃ	consonant	postalveolar	fricative	voiceless	prenasalized
685	ʒ	consonant	postalveolar	fricative	voiced	plain
686	ʃtʃ	consonant	postalveolar	fricative_to_affricate	voiceless	plain
687	ɗʒ	consonant	postalveolar	implosive_affricate	voiced	plain
688	dʒ͡ɣʷ	consonant	postalveolar_to_velar	affricate_to_fricative	voiced	labialized
689	tʃ͡k	consonant	postalveolar_to_velar	affricate_to_stop	voiceless	plain
690	tʃ͡kʷ	consonant	postalveolar_to_velar	affricate_to_stop	voiceless	labialized
691	dʒ͡ɡ	consonant	postalveolar_to_velar	affricate_to_stop	voiced	plain
692	ʒ͡ɣw	consonant	postalveolar_to_velar	fricative	voiced	labialized
693	ʃ͡kʷ	consonant	postalveolar_to_velar	fricative_to_stop	voiceless	labialized
694	s̞	consonant	retracted_alveolar	fricative	voiceless	plain
695	n̞s̞	consonant	retracted_alveolar	fricative	voiceless	prenasalized
696	n̞	consonant	retracted_alveolar	nasal	voiced	plain
697	ʈʂʰ	consonant	retroflex	affricate	voiceless	aspirated
698	ɖʐ	consonant	retroflex	affricate	voiced	plain
699	ʈʂ	consonant	retroflex	affricate	voiceless	plain
700	ʈʂʼ	consonant	retroflex	affricate	voiceless	glottalized
701	ɻ	consonant	retroflex	approximant	voiced	plain
702	ɽʰ	consonant	retroflex	flap	voiced	aspirated
703	ɽ	consonant	retroflex	flap	voiced	plain
704	ʂʰ	consonant	retroflex	fricative	voiceless	aspirated
705	ʂ	consonant	retroflex	fricative	voiceless	plain
706	ʐ	consonant	retroflex	fricative	voiced	plain
707	ɖ˞	consonant	retroflex	implosive	voiceless	plain
708	ɭ	consonant	retroflex	lateral_approximant	voiced	plain
709	ɭː	consonant	retroflex	lateral_approximant	voiced_long	plain
710	ɳʷ	consonant	retroflex	nasal	voiced	labialized
711	ɳ	consonant	retroflex	nasal	voiced	plain
712	ɳː	consonant	retroflex	nasal	voiced_long	plain
713	ɖː	consonant	retroflex	stop	voiced_long	plain
714	ɖ̤	consonant	retroflex	stop	breathy	plain
715	ʈʲʰ	consonant	retroflex	stop	voiceless	aspirated_palatalized
716	ɖʰ	consonant	retroflex	stop	voiced	aspirated
717	ʈ	consonant	retroflex	stop	voiceless	plain
718	ⁿɖ	consonant	retroflex	stop	voiced	prenasalized
719	ʈⁿ	consonant	retroflex	stop	voiceless	postnasalized
720	ɖɽ	consonant	retroflex	stop	voiced	rhotic
721	ɖ	consonant	retroflex	stop	voiced	plain
722	ɳɖɽ	consonant	retroflex	stop	voiced	prenasalized_rhotic
723	ʈɽ	consonant	retroflex	stop	voiceless	rhotic
724	ʈʲ	consonant	retroflex	stop	voiceless	palatalized
725	ʈʰ	consonant	retroflex	stop	voiceless	aspirated
726	ʈː	consonant	retroflex	stop	voiceless_long	plain
727	ɖʲ	consonant	retroflex	stop	voiced	palatalized
728	qχ	consonant	uvular	affricate	voiceless	plain
729	qɰ	consonant	uvular	approximant	voiced	plain
730	qʼˤʷ	consonant	uvular	ejective	voiceless	pharyngealized_labialized
731	qʼʲ	consonant	uvular	ejective	voiceless	palatalized
732	qʼ	consonant	uvular	ejective	voiceless	plain
733	qʼʷ	consonant	uvular	ejective	voiceless	labialized
734	qʼˤ	consonant	uvular	ejective	voiceless	pharyngealized
735	ʁː	consonant	uvular	fricative	voiced_long	plain
736	ʁˤ	consonant	uvular	fricative	voiced	pharyngealized
737	χʷ	consonant	uvular	fricative	voiceless	labialized
738	χˤʷ	consonant	uvular	fricative	voiceless	pharyngealized_labialized
739	ʁ	consonant	uvular	fricative	voiced	plain
740	χʲ	consonant	uvular	fricative	voiceless	palatalized
741	ʁʷ	consonant	uvular	fricative	voiced	labialized
742	χ̀	consonant	uvular	fricative	voiceless	tense
743	χ̀ʷ	consonant	uvular	fricative	voiceless	labialized_tense
744	ʁʲ	consonant	uvular	fricative	voiced	palatalized
745	ʁˤʷ	consonant	uvular	fricative	voiced	pharyngealized_labialized
746	χː	consonant	uvular	fricative	voiceless_long	plain
747	χˤ	consonant	uvular	fricative	voiceless	pharyngealized
748	χ	consonant	uvular	fricative	voiceless	plain
749	ʛ	consonant	uvular	implosive	voiced	plain
750	ɴʼ	consonant	uvular	nasal	voiced	glottalized
751	ɴ	consonant	uvular	nasal	voiced	syllabic
752	ɴ̩	consonant	uvular	nasal	voiced	plain
753	qˤ	consonant	uvular	stop	voiceless	pharyngealized
754	ɢˤ	consonant	uvular	stop	voiced	pharyngealized
755	qʲ	consonant	uvular	stop	voiceless	palatalized
756	qː	consonant	uvular	stop	voiceless_long	plain
757	q	consonant	uvular	stop	voiceless	plain
758	qʷː	consonant	uvular	stop	voiceless_long	labialized
759	qʰ	consonant	uvular	stop	voiceless	aspirated
760	qʷ	consonant	uvular	stop	voiceless	labialized
761	qʰʷ	consonant	uvular	stop	voiceless	aspirated_labialized
762	qˤʼ	consonant	uvular	stop	voiceless	pharyngealized_glottalized
763	ɢ	consonant	uvular	stop	voiced	plain
764	qˤʷ	consonant	uvular	stop	voiceless	pharyngealized_labialized
765	qʷʼ	consonant	uvular	stop	voiceless	glottalized_labialized
766	ʀʼ	consonant	uvular	trill	voiced	glottalized
767	ʀ	consonant	uvular	trill	voiced	plain
768	kxʰ	consonant	velar	affricate	voiceless	aspirated
769	ŋkxʼ	consonant	velar	affricate	voiceless	glottalized_prenasalized
770	kxʼ	consonant	velar	affricate	voiceless	glottalized
771	ɡkx’	consonant	velar	affricate	voiced_to_voiceless	glottalized
772	ɰ	consonant	velar	approximant	voiced	plain
773	ɰʼ	consonant	velar	approximant	voiced	glottalized
774	kʼʷ	consonant	velar	ejective	voiceless	labialized
775	kʼʲ	consonant	velar	ejective	voiceless	palatalized
776	kʼ	consonant	velar	ejective	voiceless	plain
777	xʰ	consonant	velar	fricative	voiceless	aspirated
778	x	consonant	velar	fricative	voiceless	plain
779	ɣʰ	consonant	velar	fricative	voiced	aspirated
780	ɣ	consonant	velar	fricative	voiced	plain
781	ɣː	consonant	velar	fricative	voiced_long	plain
782	ɣʲ	consonant	velar	fricative	voiced	palatalized
783	xʼ	consonant	velar	fricative	voiceless	glottalized
784	x̀ʷ	consonant	velar	fricative	voiceless	labialized_tense
785	ɣʼ	consonant	velar	fricative	voiced	glottalized
786	xː	consonant	velar	fricative	voiceless_long	plain
787	xʷ	consonant	velar	fricative	voiceless	labialized
788	ɣʷ	consonant	velar	fricative	voiced	labialized
789	xʲ	consonant	velar	fricative	voiceless	palatalized
790	x̀	consonant	velar	fricative	voiceless	tense
791	ɣ̀	consonant	velar	fricative	voiced	tense
792	ɠ	consonant	velar	implosive	voiced	plain
793	ɠ̥	consonant	velar	implosive	voiceless	plain
794	ɠʷ	consonant	velar	implosive	voiced	labialized
795	ɠʲ	consonant	velar	implosive	voiced	palatalized
796	ʟ	consonant	velar	lateral_approximant	voiced	plain
797	ŋʰ	consonant	velar	nasal	voiced	aspirated
798	ŋ̍	consonant	velar	nasal	voiced	syllabic
799	ŋ̊ʰ	consonant	velar	nasal	voiceless	aspirated
800	ŋʼ	consonant	velar	nasal	voiced	glottalized
801	ŋ	consonant	velar	nasal	voiced	plain
802	ŋ̊	consonant	velar	nasal	voiceless	plain
803	ŋʷ	consonant	velar	nasal	voiced	labialized
804	ŋː	consonant	velar	nasal	voiced_long	plain
805	kʰ	consonant	velar	stop	voiceless	aspirated_prenasalized
806	ⁿk	consonant	velar	stop	voiced	alveolar_prenasalized
807	ⁿɡʷ	consonant	velar	stop	voiced	labialized_prenasalized
808	kʰʲ	consonant	velar	stop	voiceless	aspirated_palatalized
809	ɡˤ	consonant	velar	stop	voiced	pharyngealized
810	kˤ	consonant	velar	stop	voiceless	pharyngealized
811	k̀	consonant	velar	stop	voiceless	tense
812	ɡ̥ʰ	consonant	velar	stop	devoiced	aspirated
813	k̀ʷ	consonant	velar	stop	voiceless	labialized_tense
814	ɡʷ	consonant	velar	stop	voiced	labialized
815	ɡ	consonant	velar	stop	voiced	prenasalized
816	kʷʼ	consonant	velar	stop	voiceless	glottalized_labialized
817	ʔk	consonant	velar	stop	voiceless	preglottalized
818	ɡʲ	consonant	velar	stop	voiced	palatalized
819	ɡʷ	consonant	velar	stop	voiced	labialized_prenasalized
820	kʰ	consonant	velar	stop	voiceless	aspirated
821	kʷː	consonant	velar	stop	voiceless_long	labialized
822	kʰʷ	consonant	velar	stop	voiceless	aspirated_labialized
823	klʼ	consonant	velar	stop	voiceless	glottalized_lateral
824	ɡ̥	consonant	velar	stop	devoiced	plain
825	k	consonant	velar	stop	voiceless	prenasalized
826	ɡː	consonant	velar	stop	voiced_long	plain
827	ɡʷː	consonant	velar	stop	voiced_long	labialized
828	kʷɦ	consonant	velar	stop	voiceless	labialized_voiced_aspirated
829	k	consonant	velar	stop	voiceless	postnasalized
830	ɡ̂	consonant	velar	stop	voiced	lenis
831	ɡ	consonant	velar	stop	voiced	plain
832	kː	consonant	velar	stop	voiceless_long	plain
833	ᵐɡ	consonant	velar	stop	voiced	labial_prenasalized
834	kʷ	consonant	velar	stop	voiceless	labialized
835	ɡ̤	consonant	velar	stop	breathy	plain
836	ɡʰ	consonant	velar	stop	voiced	aspirated
837	kʲ	consonant	velar	stop	voiceless	palatalized
838	k	consonant	velar	stop	voiceless	plain
839	k̂	consonant	velar	stop	voiceless	lenis
840	ŋɡ̥	consonant	velar	stop	devoiced	prenasalized
841	kf	consonant	velar_to_labiodental	affricate	voiced_to_voiceless	plain
842	ʉ̟ː	vowel	advanced_central_rounded	high	plain	long
843	a+	vowel	advanced_central_unrounded	low	plain	plain
844	ə̟	vowel	advanced_central_unrounded	mid	plain	plain
845	əː	vowel	advanced_central_unrounded	mid	plain	long
846	i̟	vowel	advanced_front_unrounded	high	plain	plain
847	ũː	vowel	back_rounded	high	nasalized	long
848	ṳʔ	vowel	back_rounded	high	glottalized	breathy
849	ṳː	vowel	back_rounded	high	plain	breathy_long
850	uˤʔ	vowel	back_rounded	high	pharyngealized_glottalized	plain
851	ʮ	vowel	back_rounded	high	with_frication	plain
852	ṵː	vowel	back_rounded	high	plain	creaky_long
853	ṳ̃ˤ	vowel	back_rounded	high	pharyngealized_nasalized	breathy
854	uʔ	vowel	back_rounded	high	glottalized	plain
855	ũʔ	vowel	back_rounded	high	glottalized_nasalized	plain
856	uʔu	vowel	back_rounded	high	interrupted	plain
857	uˤ	vowel	back_rounded	high	pharyngealized	plain
858	ṵ	vowel	back_rounded	high	plain	creaky
859	uːː	vowel	back_rounded	high	plain	extra_long
860	uː	vowel	back_rounded	high	plain	long
861	ṳ	vowel	back_rounded	high	plain	breathy
862	ṳˤ	vowel	back_rounded	high	pharyngealized	breathy
863	ũʔũ	vowel	back_rounded	high	interrupted_nasalized	plain
864	u̞	vowel	back_rounded	high	RTR	plain
865	u̥	vowel	back_rounded	high	plain	voiceless
866	ũ	vowel	back_rounded	high	nasalized	plain
867	ũˤ	vowel	back_rounded	high	pharyngealized_nasalized	plain
868	u	vowel	back_rounded	high	plain	plain
869	u̯o	diphtong	back_rounded	high_glide_to_higher_mid	plain	plain
870	ṳo̤	diphtong	back_rounded	high_to_higher_mid	plain	breathy
871	uo	diphtong	back_rounded	high_to_higher_mid	plain	plain
872	uɔ	diphtong	back_rounded	high_to_lower_mid	plain	plain
873	õː	vowel	back_rounded	higher_mid	nasalized	long
874	o̥	vowel	back_rounded	higher_mid	plain	voiceless
875	o̤	vowel	back_rounded	higher_mid	plain	breathy
876	õʔ	vowel	back_rounded	higher_mid	interrupted_nasalized	plain
877	o̰	vowel	back_rounded	higher_mid	plain	creaky
878	o̞	vowel	back_rounded	higher_mid	RTR	plain
879	oˤ	vowel	back_rounded	higher_mid	pharyngealized	plain
880	oː	vowel	back_rounded	higher_mid	plain	long
881	o̤ʔ	vowel	back_rounded	higher_mid	glottalized	breathy
882	omf	vowel	back_rounded	higher_mid	muffled	plain
883	õ	vowel	back_rounded	higher_mid	nasalized	plain
884	õⁿ	vowel	back_rounded	higher_mid	postnasalized	plain
885	õ̤ˤ	vowel	back_rounded	higher_mid	pharyngealized_nasalized	breathy
886	ŏ	vowel	back_rounded	higher_mid	plain	extra_short
887	o	vowel	back_rounded	higher_mid	plain	plain
888	oːː	vowel	back_rounded	higher_mid	plain	extra_long
889	o̤ˤ	vowel	back_rounded	higher_mid	pharyngealized	breathy
890	õ̰	vowel	back_rounded	higher_mid	nasalized	creaky
891	õ̤	vowel	back_rounded	higher_mid	nasalized	breathy
892	õ̤ʔ	vowel	back_rounded	higher_mid	glottalized_nasalized	breathy
893	oʔ	vowel	back_rounded	higher_mid	glottalized	plain
894	oʔo	vowel	back_rounded	higher_mid	interrupted	plain
895	õˤ	vowel	back_rounded	higher_mid	pharyngealized_nasalized	plain
896	o̤ː	vowel	back_rounded	higher_mid	plain	breathy_long
897	o̯u	diphtong	back_rounded	higher_mid_glide_to_high	plain	plain
898	ou	diphtong	back_rounded	higher_mid_to_high	plain	plain
899	oʊ	diphtong	back_rounded	higher_mid_to_lower_high	plain	plain
900	ɒ	vowel	back_rounded	low	plain	plain
901	ɒː	vowel	back_rounded	low	plain	long
902	ɒ̃	vowel	back_rounded	low	nasalized	plain
903	ʊ̥	vowel	back_rounded	lower_high	plain	voiceless
904	ʊ	vowel	back_rounded	lower_high	plain	plain
905	ʊ̃	vowel	back_rounded	lower_high	nasalized	plain
906	ʊ̃ː	vowel	back_rounded	lower_high	nasalized	long
907	ʊ̘	vowel	back_rounded	lower_high	ATR	plain
908	ṳ̃	vowel	back_rounded	lower_high	nasalized	breathy
909	ʊː	vowel	back_rounded	lower_high	plain	long
910	ʊɔ	diphtong	back_rounded	lower_high_to_lower_mid	plain	plain
911	ɔ̤ː	vowel	back_rounded	lower_mid	plain	long_breathy
912	ɔ̤	vowel	back_rounded	lower_mid	plain	breathy
913	ɔʔ	vowel	back_rounded	lower_mid	glottalized	plain
914	ɔː	vowel	back_rounded	lower_mid	plain	long
915	ɔ̃	vowel	back_rounded	lower_mid	nasalized	plain
916	ɔ	vowel	back_rounded	lower_mid	plain	plain
917	ɔ̃ʔ	vowel	back_rounded	lower_mid	glottalized_nasalized	plain
918	ɔ̥	vowel	back_rounded	lower_mid	plain	voiceless
919	ɔ̘	vowel	back_rounded	lower_mid	ATR	plain
920	ɔ̰	vowel	back_rounded	lower_mid	plain	creaky
921	ɔ̃ː	vowel	back_rounded	lower_mid	nasalized	long
922	ɔu	diphtong	back_rounded	lower_mid_to_high	plain	plain
923	u̝ː	vowel	back_rounded	raised_high	plain	long
924	u̝	vowel	back_rounded	raised_high	plain	plain
925	õ̝	vowel	back_rounded	raised_higher_mid	nasalized	plain
926	o̝ː	vowel	back_rounded	raised_higher_mid	plain	long
927	o̝	vowel	back_rounded	raised_higher_mid	plain	plain
928	ɔ̝ː	vowel	back_rounded	raised_lower_mid	plain	long
929	ɔ̝	vowel	back_rounded	raised_lower_mid	plain	plain
930	ua	diphtong	back_rounded_to_central_unrounded	high_to_low	plain	plain
931	uə	diphtong	back_rounded_to_central_unrounded	high_to_mid	plain	plain
932	o̯a	diphtong	back_rounded_to_central_unrounded	higher_mid_glide_to_low	plain	plain
933	oə	diphtong	back_rounded_to_central_unrounded	higher_mid_to_mid	plain	plain
934	əo	diphtong	back_rounded_to_central_unrounded	mid_to_higher_mid	plain	plain
935	oi	diphtong	back_rounded_to_front	higher_mid_to_high	plain	plain
936	ui	diphtong	back_rounded_to_front_unrounded	high	plain	plain
937	ʊʏ̯	diphtong	back_rounded_to_front_unrounded	lower_high_to_high_glide	plain	plain
938	ɔi	diphtong	back_rounded_to_front_unrounded	lower_mid_to_high	plain	plain
939	ɔi̯	diphtong	back_rounded_to_front_unrounded	lower_mid_to_high_glide	plain	plain
940	uw	diphtong	back_rounded_to_labiovelar	high_to_glide	plain	plain
941	oj	diphtong	back_rounded_to_palatal	higher_mid_to_glide	plain	plain
942	ɔj	diphtong	back_rounded_to_palatal	lower_mid_to_glide	plain	plain
943	ɯ̃	vowel	back_unrounded	high	nasalized	plain
944	ɯ	vowel	back_unrounded	high	plain	plain
945	ɿ	vowel	back_unrounded	high	with_frication	plain
946	ɯː	vowel	back_unrounded	high	plain	long
947	ɤ	vowel	back_unrounded	higher_mid	plain	plain
948	ɤ̃	vowel	back_unrounded	higher_mid	nasalized	plain
949	ɤː	vowel	back_unrounded	higher_mid	plain	long
950	ɑ̃ː	vowel	back_unrounded	low	nasalized	long
951	ɑ̃	vowel	back_unrounded	low	nasalized	plain
952	ɑ	vowel	back_unrounded	low	plain	plain
953	ɑ̤ː	vowel	back_unrounded	low	plain	breathy_long
954	ɑː	vowel	back_unrounded	low	plain	long
955	ʌ̆	vowel	back_unrounded	lower_mid	plain	extra_short
956	ʌː	vowel	back_unrounded	lower_mid	plain	long
957	ʌ̃	vowel	back_unrounded	lower_mid	nasalized	plain
958	ʌ̃ː	vowel	back_unrounded	lower_mid	nasalized	long
959	ʌ̤	vowel	back_unrounded	lower_mid	plain	breathy
960	ʌ	vowel	back_unrounded	lower_mid	plain	plain
961	ʌ̤ː	vowel	back_unrounded	lower_mid	plain	breathy_long
962	ʌ̝	vowel	back_unrounded	raised_lower_mid	plain	plain
963	ɑu	diphtong	back_unrounded_to_back_rounded	low_to_high	plain	plain
964	ɯə	diphtong	back_unrounded_to_central	high_to_mid	plain	plain
965	uj	diphtong	back_unrounded_to_palatal	high_to_glide	plain	plain
966	ʉː	vowel	central_rounded	high	plain	plain
967	ʯ	vowel	central_rounded	high	with_frication	plain
968	ʉ	vowel	central_rounded	high	plain	plain
969	ʉ̃ⁿ	vowel	central_rounded	high	postnasalized	plain
970	ɵ	vowel	central_rounded	higher_mid	plain	plain
971	ɵː	vowel	central_rounded	higher_mid	plain	long
972	ɞ	vowel	central_rounded	lower_mid	plain	plain
973	ʚ	vowel	central_rounded	lower_mid	plain	plain
974	ɨ̤ː	vowel	central_unrounded	high	plain	breathy_long
975	ɨ˞	vowel	central_unrounded	high	retroflex	plain
976	ɨː	vowel	central_unrounded	high	plain	long
977	ʅ	vowel	central_unrounded	high	with_frication	plain
978	ɨ̃	vowel	central_unrounded	high	nasalized	plain
979	ɨ̃ʔɨ̃	vowel	central_unrounded	high	interrupted_nasalized	plain
980	ɨ̃ː	vowel	central_unrounded	high	nasalized	long
981	ɨʔɨ	vowel	central_unrounded	high	interrupted	plain
982	ɨ̤	vowel	central_unrounded	high	plain	breathy
983	ɨ	vowel	central_unrounded	high	plain	plain
984	ɨːː	vowel	central_unrounded	high	plain	extra_long
985	ɐ̯	vowel	central_unrounded	higher_low	plain	consonantal
986	ɐ	vowel	central_unrounded	higher_low	plain	plain
987	ɐ̃	vowel	central_unrounded	higher_low	nasalized	plain
988	ɐː	vowel	central_unrounded	higher_low	plain	long
989	ɘ	vowel	central_unrounded	higher_mid	plain	plain
990	ãʔ	vowel	central_unrounded	low	glottalized_nasalized	plain
991	aʔa	vowel	central_unrounded	low	interrupted	plain
992	ãː	vowel	central_unrounded	low	nasalized	long
993	ă	vowel	central_unrounded	low	plain	extra_short
994	aʔ	vowel	central_unrounded	low	glottalized	plain
995	a̰	vowel	central_unrounded	low	plain	creaky
996	ãˤ	vowel	central_unrounded	low	pharyngealized_nasalized	plain
997	a	vowel	central_unrounded	low	plain	plain
998	a̤	vowel	central_unrounded	low	plain	breathy
999	ãʔã	vowel	central_unrounded	low	interrupted_nasalized	plain
1000	a̰ː	vowel	central_unrounded	low	plain	creaky_long
1001	a̤ː	vowel	central_unrounded	low	plain	breathy_long
1002	ã̤ʔ	vowel	central_unrounded	low	glottalized_nasalized	breathy
1003	ḁ	vowel	central_unrounded	low	plain	voiceless
1004	aː	vowel	central_unrounded	low	plain	long
1005	a̤ˤ	vowel	central_unrounded	low	pharyngealized	breathy
1006	ã̤	vowel	central_unrounded	low	nasalized	breathy
1007	aˤʔ	vowel	central_unrounded	low	pharyngealized_glottalized	plain
1008	aːː	vowel	central_unrounded	low	plain	extra_long
1009	a̠	vowel	central_unrounded	low	ATR	plain
1010	ãⁿ	vowel	central_unrounded	low	postnasalized	plain
1011	ã̤ˤ	vowel	central_unrounded	low	pharyngealized_nasalized	breathy
1012	aˤ	vowel	central_unrounded	low	pharyngealized	plain
1013	a̤ʔ	vowel	central_unrounded	low	glottalized	breathy
1014	ã	vowel	central_unrounded	low	nasalized	plain
1015	ɨ̞	vowel	central_unrounded	lower_high	plain	plain
1016	ɜ	vowel	central_unrounded	lower_mid	plain	plain
1017	ɜː	vowel	central_unrounded	lower_mid	plain	long
1018	a̞	vowel	central_unrounded	lowered_low	plain	plain
1019	ə̠	vowel	central_unrounded	mid	retracted	plain
1020	ə̃	vowel	central_unrounded	mid	nasalized	plain
1021	ə̃ː	vowel	central_unrounded	mid	nasalized	long
1022	ə	vowel	central_unrounded	mid	plain	plain
1023	əˤ	vowel	central_unrounded	mid	pharyngealized	plain
1024	ə̃˞	vowel	central_unrounded	mid	retroflex_nasalized	plain
1025	ə̤	vowel	central_unrounded	mid	plain	breathy
1026	ə˞	vowel	central_unrounded	mid	retroflex	plain
1027	ə̤ː	vowel	central_unrounded	mid	plain	breathy_long
1028	ə̆	vowel	central_unrounded	mid	plain	extra_short
1029	a̝	vowel	central_unrounded	raised_low	plain	plain
1030	a̪ː	vowel	central_unrounded	raised_low	plain	long
1031	a̝ː	vowel	central_unrounded	raised_low	plain	long
1032	ə̝	vowel	central_unrounded	raised_mid	plain	plain
1033	au	diphtong	central_unrounded_to_back_rounded	low_to_high	plain	plain
1034	ao	diphtong	central_unrounded_to_back_rounded	low_to_higher_mid	plain	plain
1035	aʊ	diphtong	central_unrounded_to_back_rounded	low_to_lower_high	plain	plain
1036	əu	diphtong	central_unrounded_to_back_rounded	mid_to_high	plain	plain
1037	ai	diphtong	central_unrounded_to_front	low_to_high	plain	plain
1038	ai̯	diphtong	central_unrounded_to_front	low_to_high_glide	plain	plain
1039	aɪ	diphtong	central_unrounded_to_front	low_to_lower_high	plain	plain
1040	ɛi̯	diphtong	central_unrounded_to_front	lower_mid_to_high_glide	plain	plain
1041	ə̯i	diphtong	central_unrounded_to_front	mid_glide_to_high	plain	plain
1042	əi	diphtong	central_unrounded_to_front	mid_to_high	plain	plain
1043	əe	diphtong	central_unrounded_to_front	mid_to_higher_mid	plain	plain
1044	aj	diphtong	central_unrounded_to_palatal	low_to_glide	plain	plain
1045	aʉ	diphtong	central_unrounded_to_rounded	low_to_high	plain	plain
1046	ỹ	vowel	front_rounded	high	nasalized	plain
1047	y	vowel	front_rounded	high	plain	plain
1048	ỹː	vowel	front_rounded	high	nasalized	long
1049	yː	vowel	front_rounded	high	plain	long
1050	øː	vowel	front_rounded	higher_mid	plain	long
1051	ø̆	vowel	front_rounded	higher_mid	plain	extra_short
1052	ø	vowel	front_rounded	higher_mid	plain	plain
1053	ɶ	vowel	front_rounded	low	plain	plain
1054	ʏ	vowel	front_rounded	lower_high	plain	plain
1055	ʏː	vowel	front_rounded	lower_high	plain	long
1056	œ̃	vowel	front_rounded	lower_mid	nasalized	plain
1057	œː	vowel	front_rounded	lower_mid	plain	long
1058	œ̃ː	vowel	front_rounded	lower_mid	nasalized	long
1059	œ	vowel	front_rounded	lower_mid	plain	plain
1060	œu	diphtong	front_rounded_to_back	lower_mid_to_high	plain	plain
1061	øə	diphtong	front_rounded_to_central_unrounded	higher_mid_to_mid	plain	plain
1062	yi	diphtong	front_rounded_to_unrounded	high	plain	plain
1063	œi	diphtong	front_rounded_to_unrounded	lower_mid_to_high	plain	plain
1064	i̺	vowel	front_unrounded	high	apical	plain
1065	iːː	vowel	front_unrounded	high	plain	extra_long
1066	ĩː	vowel	front_unrounded	high	nasalized	long
1067	iˤ	vowel	front_unrounded	high	pharyngealized	plain
1068	iː	vowel	front_unrounded	high	plain	long
1069	i̤ː	vowel	front_unrounded	high	plain	breathy_long
1070	i̞	vowel	front_unrounded	high	RTR	plain
1071	ĩʔĩ	vowel	front_unrounded	high	interrupted_nasalized	plain
1072	i̤	vowel	front_unrounded	high	nasalized	breathy
1073	i̥	vowel	front_unrounded	high	plain	voiceless
1074	iʔi	vowel	front_unrounded	high	interrupted	plain
1075	iʔ	vowel	front_unrounded	high	glottalized	plain
1076	i	vowel	front_unrounded	high	plain	plain
1077	ḭː	vowel	front_unrounded	high	plain	creaky_long
1078	ĩ	vowel	front_unrounded	high	nasalized	plain
1079	ḭ	vowel	front_unrounded	high	plain	creaky
1080	ĩʔ	vowel	front_unrounded	high	glottalized_nasalized	plain
1081	ĩ̤	vowel	front_unrounded	high	plain	breathy
1082	i̯e	diphtong	front_unrounded	high_glide_to_higher_mid	plain	plain
1083	ie	diphtong	front_unrounded	high_to_higher_mid	plain	plain
1084	i̤e̤	diphtong	front_unrounded	high_to_higher_mid	plain	breathy
1085	iɛ	diphtong	front_unrounded	high_to_lower_mid	plain	plain
1086	æ̃	vowel	front_unrounded	higher_low	nasalized	plain
1087	æ	vowel	front_unrounded	higher_low	plain	plain
1088	æː	vowel	front_unrounded	higher_low	plain	long
1089	e	vowel	front_unrounded	higher_mid	plain	plain
1090	ẽ	vowel	front_unrounded	higher_mid	nasalized	plain
1091	eː	vowel	front_unrounded	higher_mid	plain	long
1092	e̥	vowel	front_unrounded	higher_mid	plain	voiceless
1093	ḛ	vowel	front_unrounded	higher_mid	plain	creaky
1094	eʔ	vowel	front_unrounded	higher_mid	glottalized	plain
1095	emf	vowel	front_unrounded	higher_mid	muffled	plain
1096	ẽː	vowel	front_unrounded	higher_mid	nasalized	long
1097	eːː	vowel	front_unrounded	higher_mid	plain	extra_long
1098	ẽʔẽ	vowel	front_unrounded	higher_mid	interrupted_nasalized	plain
1099	ẽ̤ː	vowel	front_unrounded	higher_mid	nasalized	breathy_long
1100	e̤	vowel	front_unrounded	higher_mid	plain	breathy
1101	eʔe	vowel	front_unrounded	higher_mid	interrupted	plain
1102	ẽ̤	vowel	front_unrounded	higher_mid	nasalized	breathy
1103	eˤ	vowel	front_unrounded	higher_mid	pharyngealized	plain
1104	ẽⁿ	vowel	front_unrounded	higher_mid	postnasalized	plain
1105	e̤ː	vowel	front_unrounded	higher_mid	plain	breathy_long
1106	e̞	vowel	front_unrounded	higher_mid	RTR	plain
1107	ei	diphtong	front_unrounded	higher_mid_to_high	plain	plain
1108	eɪ	diphtong	front_unrounded	higher_mid_to_lower_high	plain	plain
1109	ɪ̃	vowel	front_unrounded	lower_high	nasalized	plain
1110	ɪ	vowel	front_unrounded	lower_high	plain	plain
1111	ɪ̥	vowel	front_unrounded	lower_high	plain	voiceless
1112	ɪː	vowel	front_unrounded	lower_high	plain	long
1113	ɪ̃ː	vowel	front_unrounded	lower_high	nasalized	long
1114	ɪ̘	vowel	front_unrounded	lower_high	ATR	plain
1115	ɪɛ	diphtong	front_unrounded	lower_high_to_lower_mid	plain	plain
1116	ɛ̤	vowel	front_unrounded	lower_mid	plain	breathy
1117	ɛː	vowel	front_unrounded	lower_mid	plain	long
1118	ɛ̃ː	vowel	front_unrounded	lower_mid	nasalized	long
1119	ɛ̘	vowel	front_unrounded	lower_mid	ATR	plain
1120	ɛʔ	vowel	front_unrounded	lower_mid	glottalized	plain
1121	ɛ	vowel	front_unrounded	lower_mid	plain	plain
1122	ɛ̃ʔ	vowel	front_unrounded	lower_mid	glottalized_nasalized	plain
1123	ɛ̃	vowel	front_unrounded	lower_mid	nasalized	plain
1124	ɛ̰	vowel	front_unrounded	lower_mid	plain	creaky
1125	ɛ̥	vowel	front_unrounded	lower_mid	plain	voiceless
1126	æ̞	vowel	front_unrounded	lowered_higher_low	plain	plain
1127	ɛ̞	vowel	front_unrounded	lowered_lower_mid	plain	plain
1128	i̝	vowel	front_unrounded	raised_high	plain	plain
1129	i̝ː	vowel	front_unrounded	raised_high	plain	long
1130	e̝ː	vowel	front_unrounded	raised_higher_mid	plain	long
1131	ẽ̝	vowel	front_unrounded	raised_higher_mid	nasalized	plain
1132	e̝	vowel	front_unrounded	raised_higher_mid	plain	plain
1133	i̯o	diphtong	front_unrounded_to_back_rounded	high_glide_to_higher_mid	plain	plain
1134	e̯o	diphtong	front_unrounded_to_back_rounded	higher_mid_glide_to_higher_mid	plain	plain
1135	eu	diphtong	front_unrounded_to_back_rounded	higher_mid_to_high	plain	plain
1136	æu	diphtong	front_unrounded_to_back_rounded	lower_mid_to_high	plain	plain
1137	ɛu	diphtong	front_unrounded_to_back_rounded	lower_mid_to_high	plain	plain
1138	ia	diphtong	front_unrounded_to_central	high_to_low	plain	plain
1139	iə	diphtong	front_unrounded_to_central	high_to_mid	plain	plain
1140	e̯a	diphtong	front_unrounded_to_central	higher_mid_glide_to_low	plain	plain
1141	eə	diphtong	front_unrounded_to_central	higher_mid_to_mid	plain	plain
1142	æɨ	diphtong	front_unrounded_to_central	higher_low_to_high	plain	plain
1143	ɛi	diphtong	front_unrounded	lower_mid_to_high	plain	plain
1144	ij	diphtong	front_unrounded_to_palatal	high_to_glide	plain	plain
1145	ej	diphtong	front_unrounded_to_palatal	higher_mid_to_glide	plain	plain
1146	je	diphtong	palatal_to_front_unrounded	glide_to_higher_mid	plain	plain
1147	jeː	diphtong	palatal_to_front_unrounded	glide_to_higher_mid	plain	long
1148	jẽ	diphtong	palatal_to_front_unrounded	glide_to_higher_mid	nasalized	plain
1149	²	tone	flat	low		
1150	²²	tone	flat	low	low	
1151	²³	tone	rise	low	mid	
1152	²¹	tone	fall	low	low	
1153	²¹²	tone	fall-rise	low	low	low
1154	²¹³	tone	fall-rise	low	low	mid
1155	²¹⁴	tone	fall-rise	low	low	high
1156	²⁴	tone	rise	low	high	
1157	²⁴²	tone	rise-fall	low	high	low
1158	³	tone	flat	mid		
1159	³²	tone	fall	mid	low				
1160	³²⁴	tone	fall-rise	mid	low	high
1161	³³	tone	flat	mid	mid	
1162	³¹	tone	fall	mid	low	
1163	³¹³	tone	fall-rise	mid	low	mid
1164	³⁴	tone	rise	mid	high	
1165	³⁵	tone	rise	mid	high	
1166	¹	tone	flat	low		
1167	¹²	tone	rise	low	low	
1168	¹³	tone	rise	low	mid	
1169	¹¹	tone	flat	low	low	
1170	¹⁵	tone	rise	low	high	
1171	⁰	tone	zero			
1172	⁰²	tone	rise	low	low	
1173	⁰⁴	tone	rise	low	high	
1174	⁴	tone	flat	high		
1175	⁴²	tone	fall	high	low	
1176	⁴³	tone	fall	high	mid	
1177	⁴¹	tone	fall	high	low	
1178	⁴⁴	tone	flat	high	high	
1179	⁴⁴³	tone	fall	high	mid	
1180	⁴⁴⁵	tone	rise	high	high	
1181	⁴⁵	tone	rise	high	high	
1182	⁴⁵⁴	tone	rise-fall	high	high	high
1183	⁵	tone	flat	high		
1184	⁵²	tone	fall	high	low	
1185	⁵³	tone	fall	high	mid	
1186	⁵¹	tone	fall	high	low	
1187	⁵¹³	tone	fall-rise	high	low	mid
1188	⁵⁴	tone	fall	high	high	
1189	⁵⁵	tone	flat	high	high	
1190	_	marker	word_boundary			
1191	∼	marker	nasal_vowel			
1192	+	marker	morpheme_boundary			
