ID	CLPA	PBASE	TYPE	PLACE	MANNER	VOICE	MODIFICATIONS
1	n̟	n̟	consonant	advanced_alveolar	nasal	voiced	plain
2	n̟ʲ	n̟ʲ	consonant	advanced_alveolar	nasal	voiced	palatalized
3	r̟	r̟	consonant	advanced_alveolar	trill	voiced	plain
4	r̟ʲ	r̟ʲ	consonant	advanced_alveolar	trill	voiced	palatalized
5	l̟ʲ	l̟ʲ	consonant	advanced_lateral	lateral_approximant	voiced	palatalized
6	l̟	l̟	consonant	advanced_lateral	lateral_approximant	voiced	plain
7	ⁿts	ⁿts	consonant	alveolar	affricate	voiceless	prenasalized
8	tzˀ	tzʼ	consonant	alveolar	affricate	voiceless_to_voiced	glottalized
9	ts̀	ts̀	consonant	alveolar	affricate	voiceless	tense
10	tsʰʷ	tswʰ,tsʰʷ	consonant	alveolar	affricate	voiceless	aspirated_labialized
11	dzʰ	dzʰ	consonant	alveolar	affricate	voiced	aspirated
12	ⁿtsˀ	ⁿtsʼ	consonant	alveolar	affricate	voiceless	glottalized_prenasalized
13	tsʰ	tsʰ	consonant	alveolar	affricate	voiceless	aspirated
14	dzʲ	dzʲ	consonant	alveolar	affricate	voiced	palatalized
15	ts	ts	consonant	alveolar	affricate	voiceless	plain
16	tsˀ	tsʼ	consonant	alveolar	affricate	voiceless	glottalized
17	tsjʰ	tsjʰ	consonant	alveolar	affricate	voiceless	aspirated_palatalized
18	tz	tz	consonant	alveolar	affricate	voiceless_to_voiced	plain
19	dzʷ	dzʷ	consonant	alveolar	affricate	voiced	labialized
20	dz	dz	consonant	alveolar	affricate	voiced	plain
21	ᵐts	ts	consonant	alveolar	affricate	voiceless	labial_prenasalized
21	ᵐts	ts	consonant	alveolar	affricate	voiceless	labial_prenasalized
23	tsˀʷ	tsʼʷ	consonant	alveolar	affricate	voiceless	glottalized_labialized
24	dzˀ	dzʼ	consonant	alveolar	affricate	voiced	glottalized
25	tsʲ	tsʲ	consonant	alveolar	affricate	voiceless	palatalized
26	tːs		consonant	alveolar	affricate	voiceless_long	plain
27	ⁿdz	ⁿdz	consonant	alveolar	affricate	voiced	prenasalized
28	ᵐdz	dz	consonant	alveolar	affricate	voiced	labial_prenasalized
29	tsʷ	tsʷ	consonant	alveolar	affricate	voiceless	labialized
30	ɹː	ɹː	consonant	alveolar	approximant	voiced_long	plain
31	ɹ	ɹ	consonant	alveolar	approximant	voiced	plain
32	nkǃ	nkǃ	consonant	alveolar	click	voiceless	alveolar_prenasalized
33	gǃ	ɡǃ	consonant	alveolar	click	voiced	plain
34	ǃ	ǃ	consonant	alveolar	click	voiceless	plain
35	ǃʔ	ǃʔ	consonant	alveolar	click	voiceless	glottalized
36	ǃx	ǃx	consonant	alveolar	click	voiceless	x_accompaniment
37	ǃqʰ	ǃqʰ	consonant	alveolar	click	voiceless	aspirated_q_accompaniment
38	ǃkxʔ	ǃkxʔ	consonant	alveolar	click	voiceless	glottalized_kx_accompaniment
39	gǃkx	ɡǃkx	consonant	alveolar	click	voiced	kx_accompaniment
40	ǃq	ǃq	consonant	alveolar	click	voiceless	q_accompaniment
41	gǃʰ	ɡǃʰ	consonant	alveolar	click	voiced	aspirated
42	ʔʘn	ʔʘn	consonant	alveolar	click	voiceless	glottalized_prenasalized
43	ǃr	ǃr	consonant	alveolar	click	voiceless	r_accompaniment
44	lǃ	lǃ	consonant	alveolar	click	voiced	l_accompaniment
45	ǃt	ǃt	consonant	alveolar	click	voiceless	t_accompaniment
46	ǃʰ	ǃʰ	consonant	alveolar	click	voiceless	aspirated
47	ǃʃ	ǃʃ	consonant	alveolar	click	voiceless	S_accompaniment
48	ⁿǃ	nǃ	consonant	alveolar	click	voiceless	prenasalized
49	ǃⁿ̥	ǃn̥	consonant	alveolar	click	voiceless	voiceless_nasalized
50	gǃx	ɡǃx	consonant	alveolar	click	voiced	x_accompaniment
51	mǃG	mǃG	consonant	alveolar	click	voiceless	labial_prenasalized_G_accompaniment
52	ǃqʔ	ǃqʔ	consonant	alveolar	click	voiceless	glottalized_q_accompaniment
53	ʔǃn	ʔǃn	consonant	alveolar	click	voiceless	nasalized_preglottalized
54	ǃs	ǃs	consonant	alveolar	click	voiceless	s_accompaniment
55	ǃn	ǃn	consonant	alveolar	click	voiceless	nasalized
56	ǃd	ǃd	consonant	alveolar	click	voiceless	d_accompaniment
57	ⁿgǃ	nɡǃ	consonant	alveolar	click	voiced	prenasalized
58	ǃʒ	ǃʒ	consonant	alveolar	click	voiceless	Z_accompaniment
59	ǃz	ǃz	consonant	alveolar	click	voiceless	z_accompaniment
60	tʼ	t',tʼ	consonant	alveolar	ejective	voiceless	plain
61	tʼʷ	tʼʷ	consonant	alveolar	ejective	voiceless	labialized
62	dʼ	dʼ	consonant	alveolar	ejective	voiced	plain
63	ɾʲ	ɾʲ	consonant	alveolar	flap	voiced	palatalized
64	ɾˤ	ɾˤ	consonant	alveolar	flap	voiced	pharyngealized
65	ɾ	ɾ	consonant	alveolar	flap	voiced	plain
66	ɾ̃	ɾ̃	consonant	alveolar	flap	voiced	nasalized
67	ⁿz	ⁿz	consonant	alveolar	fricative	voiced	prenasalized
68	s̀	s̀	consonant	alveolar	fricative	voiceless	tense
69	š	š	consonant	alveolar	fricative	voiceless	trilled
70	sʰ	sʰ	consonant	alveolar	fricative	voiceless	aspirated
71	sː	sː	consonant	alveolar	fricative	voiceless_long	plain
72	zʰ		consonant	alveolar	fricative	voiced	aspirated
73	nzʷ	nzʷ	consonant	alveolar	fricative	voiced	labialized_prenasalized
74	ʃˀʷ	ʃʼʷ	consonant	alveolar	fricative	voiceless	glottalized_labialized
75	sˀ	sʼ	consonant	alveolar	fricative	voiceless	glottalized
76	z̤	z̤	consonant	alveolar	fricative	breathy	plain
77	sˠ	sˠ	consonant	alveolar	fricative	voiceless	velarized
78	sʷ	sʷ	consonant	alveolar	fricative	voiceless	labialized
79	z	z	consonant	alveolar	fricative	voiced	plain
80	zʷ	zʷ	consonant	alveolar	fricative	voiced	labialized
81	sᶣ	sɥ	consonant	alveolar	fricative	voiceless	labiopalatalized
82	zˤ	zˤ	consonant	alveolar	fricative	voiced	pharyngealized
83	zʲ	zʲ	consonant	alveolar	fricative	voiced	palatalized
84	ⁿ̥s	n̥s	consonant	alveolar	fricative	voiceless	voiceless_prenasalized
85	sˤ	sˤ	consonant	alveolar	fricative	voiceless	pharyngealized
86	ⁿs	ⁿs	consonant	alveolar	fricative	voiceless	prenasalized
87	zˀ	zʼ	consonant	alveolar	fricative	voiced	glottalized
88	s	s	consonant	alveolar	fricative	voiceless	plain
89	sʲ	sʲ	consonant	alveolar	fricative	voiceless	palatalized
90	ɗʷ	ɗʷ	consonant	alveolar	implosive	voiced	labialized
91	ɗ̥		consonant	alveolar	implosive	voiced	devoiced
92	ɗ	ɗ	consonant	alveolar	implosive	voiced	plain
93	n̏	n̏	consonant	alveolar	nasal	voiced	heavy
94	n̥	n̥	consonant	alveolar	nasal	voiceless	plain
95	nˀ	n’	consonant	alveolar	nasal	voiced	glottalized
96	n̩	n̩	consonant	alveolar	nasal	voiced	syllabic
97	nʰ	nʰ	consonant	alveolar	nasal	voiced	aspirated
98	n̤	n̤	consonant	alveolar	nasal	breathy	plain
99	nʷ	nʷ	consonant	alveolar	nasal	voiced	labialized
100	nʲ	nʲ	consonant	alveolar	nasal	voiced	palatalized
101	ˀn	ʔn	consonant	alveolar	nasal	voiced	preglottalized
102	nˤː	nˤː	consonant	alveolar	nasal	voiced_long	pharyngealized
103	nˤ	nˤ	consonant	alveolar	nasal	voiced	pharyngealized
104	n̂	n̂	consonant	alveolar	nasal	voiced	lax
105	nː	nː	consonant	alveolar	nasal	voiced_long	plain
106	n	n	consonant	alveolar	nasal	voiced	plain
107	ˀd	ʔd	consonant	alveolar	stop	voiced	preglottalized
108	d̥	d̥	consonant	alveolar	stop	devoiced	plain
109	t̂	t̂	consonant	alveolar	stop	voiceless	lenis
110	tʲˀ	tʲʼ	consonant	alveolar	stop	voiceless	glottalized_palatalized
111	dˠ	dˠ	consonant	alveolar	stop	voiced	velarized
112	ⁿd̥	nd̥	consonant	alveolar	stop	devoiced	prenasalized
113	ᵐt	t	consonant	alveolar	stop	voiceless	labial_prenasalized
114	tʲ	tʲ	consonant	alveolar	stop	voiceless	palatalized
115	tʱ	tɦ	consonant	alveolar	stop	voiceless	voiced_aspirated
116	ⁿd	ⁿd	consonant	alveolar	stop	voiced	prenasalized
117	d̥ʰ		consonant	alveolar	stop	devoiced	aspirated
118	d̤		consonant	alveolar	stop	breathy	plain
119	t	t	consonant	alveolar	stop	voiceless	plain
120	tˡ		consonant	alveolar	stop	voiceless	lateral
121	tˡˀ		consonant	alveolar	stop	voiceless	lateral_glottalized
122	tⁿ	tⁿ	consonant	alveolar	stop	voiceless	postnasalized
123	ⁿdʷ	ⁿdʷ	consonant	alveolar	stop	voiced	labialized_prenasalized
124	ᵐd	d	consonant	alveolar	stop	voiced	labial_prenasalized
125	dʰ	dʰ	consonant	alveolar	stop	voiced	aspirated
126	ˀt	ʔt	consonant	alveolar	stop	voiceless	preglottalized
127	dˤ	dˤ	consonant	alveolar	stop	voiced	pharyngealized
128	dʲ	dʲ	consonant	alveolar	stop	voiced	palatalized
129	tː	tː	consonant	alveolar	stop	voiceless_long	plain
130	dʷ	dʷ	consonant	alveolar	stop	voiced	labialized
131	t̀	t̀	consonant	alveolar	stop	voiceless	tense
132	dː		consonant	alveolar	stop	voiced_long	plain
133	tˤ	tˤ	consonant	alveolar	stop	voiceless	pharyngealized
134	tʲʰ	tʲʰ	consonant	alveolar	stop	voiceless	aspirated_palatalized
135	d̏	d̏	consonant	alveolar	stop	voiced	heavy
136	tʷ	tʷ	consonant	alveolar	stop	voiceless	labialized
137	tʰ	tʰ	consonant	alveolar	stop	voiceless	aspirated
138	d̤ː		consonant	alveolar	stop	breathy_long	plain
139	ⁿt	ⁿt	consonant	alveolar	stop	voiceless	prenasalized
140	d̂	d̂	consonant	alveolar	stop	voiced	lenis
141	ⁿdʲ	ⁿdʲ	consonant	alveolar	stop	voiced	palatalized_prenasalized
142	tr	tr	consonant	alveolar	stop	voiceless	rhotic
143	ⁿtʰ	ⁿtʰ	consonant	alveolar	stop	voiceless	aspirated_prenasalized
144	d	d	consonant	alveolar	stop	voiced	plain
145	dˡ		consonant	alveolar	stop	voiced	lateral
146	tʰʷ	tʰʷ	consonant	alveolar	stop	voiceless	aspirated_labialized
147	tˠ	tˠ	consonant	alveolar	stop	voiceless	velarized
148	d̀	d̀	consonant	alveolar	stop	voiced	tense
149	ŋtw	ŋtw	consonant	alveolar	stop	voiceless	labialized_velar_prenasalized
150	rˀ	rʼ	consonant	alveolar	trill	voiced	glottalized
151	ⁿr	ⁿr	consonant	alveolar	trill	voiced	prenasalized
152	r	r	consonant	alveolar	trill	voiced	plain
153	r̩		consonant	alveolar	trill	voiced	syllabic
154	r̥	r̥	consonant	alveolar	trill	voiceless	plain
155	rˤː	rˤː	consonant	alveolar	trill	voiced_long	pharyngealized
156	rʰ	rʰ	consonant	alveolar	trill	voiced	aspirated
157	ř	ř	consonant	alveolar	trill	voiced	strident
158	r̥ʰ	r̥ʰ	consonant	alveolar	trill	voiceless	aspirated
159	rˤ	rˤ	consonant	alveolar	trill	voiced	pharyngealized
160	r̃	r̃	consonant	alveolar	trill	voiced	nasalized
161	rː	rː	consonant	alveolar	trill	voiced_long	plain
162	rʷ	rʷ	consonant	alveolar	trill	voiced	labialized
163	rʲ	rʲ	consonant	alveolar	trill	voiced	palatalized
164	tɕᶣ	tɕɥ	consonant	alveolar_to_alveolopalatal	affricate	voiceless	labiopalatalized
165	ⁿdβ	ⁿdβ	consonant	alveolar_to_bilabial	affricate	voiced	prenasalized
166	dβ	dβ	consonant	alveolar_to_bilabial	affricate	voiced	plain
167	tɸʰ	tɸʰ	consonant	alveolar_to_bilabial	affricate	voiceless	aspirated
168	ⁿtɸ	ⁿtɸ	consonant	alveolar_to_bilabial	affricate	voiceless	prenasalized
169	tθˀ	tθʼ	consonant	alveolar_to_dental	affricate	voiceless	glottalized
170	dð	dð	consonant	alveolar_to_interdental	affricate	voiced	plain
171	tθ	tθ	consonant	alveolar_to_interdental	affricate	voiceless	plain
172	tçʰ	tçʰ	consonant	alveolar_to_palatal	affricate	voiceless	aspirated
173	tç	tç	consonant	alveolar_to_palatal	affricate	voiceless	plain
174	dʝ	dʝ	consonant	alveolar_to_palatal	affricate	voiced	plain
175	dʐ	dʐ	consonant	alveolar_to_retroflex	affricate	voiced	plain
176	tʂ	tʂ	consonant	alveolar_to_retroflex	affricate	voiceless	plain
177	tʂʰ		consonant	alveolar_to_retroflex	affricate	voiceless	aspirated
178	tʂˀ	tʂʼ	consonant	alveolar_to_retroflex	affricate	voiceless	glottalized
179	dɣw	dɣw	consonant	alveolar_to_velar	affricate	voiced	labialized
180	tx	tx	consonant	alveolar_to_velar	affricate	voiceless	plain
181	dx	dx	consonant	alveolar_to_velar	affricate	voiced_to_voiceless	plain
182	dzˀkxʼ	dzʼkxʼ	consonant	alveolar_to_velar	affricate_to_affricate	voiced_to_voiceless	glottalized
183	tsˀkxʼ	tsʼkxʼ	consonant	alveolar_to_velar	affricate_to_affricate	voiceless	glottalized
184	tsx	tsx	consonant	alveolar_to_velar	affricate_to_fricative	voiceless	plain
185	dzɣw	dzɣw	consonant	alveolar_to_velar	affricate_to_fricative	voiced	labialized
186	dzx	dzx	consonant	alveolar_to_velar	affricate_to_fricative	voiced_to_voiceless	plain
187	tskʷ	ts͡kʷ	consonant	alveolar_to_velar	affricate_to_stop	voiceless	labialized
188	tʼkxˀ	tʼkxʼ	consonant	alveolar_to_velar	ejective_to_affricate	voiceless	glottalized
189	dʼkxˀ	dʼkxʼ	consonant	alveolar_to_velar	ejective_to_affricate	voiced_to_voiceless	glottalized
190	zʷɣw	zʷ͡ɣw	consonant	alveolar_to_velar	fricative	voiced	labialized_labialized
191	zɣw	z͡ɣw	consonant	alveolar_to_velar	fricative	voiced	labialized
192	skʷ	s͡kʷ	consonant	alveolar_to_velar	fricative_to_stop	voiceless	labialized
193	nŋw	nŋw	consonant	alveolar_to_velar	nasal	voiced	labialized
194	rɣw	r͡ɣw	consonant	alveolar_to_velar	trill_to_affricate	voiced	labialized
195	dʑᶣ	dʑɥ	consonant	alveolopalatal	affricate	voiced	labiopalatalized
196	dʑ	dʑ	consonant	alveolopalatal	affricate	voiced	plain
197	tːʃ		consonant	postalveolar	affricate	voiceless_long	plain
198	tɕʰ	tɕʰ	consonant	alveolopalatal	affricate	voiceless	aspirated
199	tɕ	tɕ	consonant	alveolopalatal	affricate	voiceless	plain
200	tːʃː	tːʃː	consonant	alveolopalatal	affricate	voiceless_extra_long	plain
201	tːɕ	tːʃ	consonant	alveolopalatal	affricate	voiceless_long	plain
202	ʑ	ʑ	consonant	alveolopalatal	fricative	voiced	plain
203	ɕ	ɕ	consonant	alveolopalatal	fricative	voiceless	plain
204	ɕᶣ	ɕɥ	consonant	alveolopalatal	fricative	voiceless	labiopalatalized
205	ɕʰ	ɕʰ	consonant	alveolopalatal	fricative	voiceless	aspirated
206	pɸ	pɸ	consonant	bilabial	affricate	voiceless	plain
207	ʘx	ʘx	consonant	bilabial	click	voiceless	x_accompaniment
208	ʘ	ʘ	consonant	bilabial	click	voiceless	plain
209	ʘq	ʘq	consonant	bilabial	click	voiceless	q_accompaniment
210	gʘx	ɡʘx	consonant	bilabial	click	voiced	x_accompaniment
211	gʘkx	ɡʘkx	consonant	bilabial	click	voiced	kx_accompaniment
212	ʘqʔ	ʘqʔ	consonant	bilabial	click	voiceless	glottalized_q_accompaniment
213	p<	p<	consonant	bilabial	click	voiceless	pulmonic_ingressive
214	ʘn	ʘn	consonant	bilabial	click	voiceless	nasalized
215	gʘ	ɡʘ	consonant	bilabial	click	voiced	plain
216	mʘG	mʘG	consonant	bilabial	click	voiceless	labial_prenasalized_G_accompaniment
217	ʘqʰ	ʘqʰ	consonant	bilabial	click	voiceless	aspirated_q_accompaniment
218	gʘʰ	ɡʘʰ	consonant	bilabial	click	voiced	aspirated
219	ʘⁿ̥	ʘn̥	consonant	bilabial	click	voiceless	voiceless_nasalized
220	ʘʔ	ʘʔ	consonant	bilabial	click	voiceless	glottalized
221	ʘkxʔ	ʘkxʔ	consonant	bilabial	click	voiceless	glottalized_kx_accompaniment
222	ʘʰ	ʘʰ	consonant	bilabial	click	voiceless	aspirated
223	pʼ	pʼ	consonant	bilabial	ejective	voiceless	plain
224	pʼˤ	pʼˤ	consonant	bilabial	ejective	voiceless	pharyngealized
225	ɸ	ɸ	consonant	bilabial	fricative	voiceless	plain
226	β	β	consonant	bilabial	fricative	voiced	plain
227	ᵐv	v	consonant	bilabial	fricative	voiced	prenasalized
228	ɓ	ɓ	consonant	bilabial	implosive	voiced	plain
229	ɓ̥	ɓ̥	consonant	bilabial	implosive	voiceless	plain
230	ɓʷ	ɓʷ	consonant	bilabial	implosive	voiced	labialized
231	ɓ̥ˠ	ɓ̥ˠ	consonant	bilabial	implosive	voiceless	velarized
232	ˀm	ʔm	consonant	bilabial	nasal	voiced	preglottalized
233	mˠ	mˠ	consonant	bilabial	nasal	voiced	velarized
234	m̩	m̩	consonant	bilabial	nasal	voiced	syllabic
235	mˤ	mˤ	consonant	bilabial	nasal	voiced	pharyngealized
236	m̥	m̥	consonant	bilabial	nasal	voiceless	plain
237	mʷ	mʷ	consonant	bilabial	nasal	voiced	labialized
238	mˡ	mˡ	consonant	bilabial	nasal	voiced	lateral
239	m̥ʰ	m̥ʰ	consonant	bilabial	nasal	voiceless	aspirated
240	m	m	consonant	bilabial	nasal	voiced	plain
241	mʲ	mʲ	consonant	bilabial	nasal	voiced	palatalized
242	m̏	m̏	consonant	bilabial	nasal	voiced	heavy
243	mː	mː	consonant	bilabial	nasal	voiced_long	plain
244	mʰ	mʰ	consonant	bilabial	nasal	voiced	aspirated
245	m̤	m̤	consonant	bilabial	nasal	breathy	plain
246	m̂	m̂	consonant	bilabial	nasal	voiced	lenis
247	m<	m<	consonant	bilabial	nasal	voiced	pulmonic_ingressive
248	mˀ	mʼ	consonant	bilabial	nasal	voiced	glottalized
249	βm	mβ,βm	consonant	bilabial	nasal_spirant	voiced	plain
249	βm	mβ,βm	consonant	bilabial	nasal_spirant	voiced	plain
251	ˀb	ʔb	consonant	bilabial	stop	voiced	preglottalized
252	b̀	b̀	consonant	bilabial	stop	voiced	tense
253	ᵐpˀ	pʼ	consonant	bilabial	stop	voiceless	glottalized_prenasalized
254	ᵐb	b	consonant	bilabial	stop	voiced	prenasalized
255	b̏	b̏	consonant	bilabial	stop	voiced	heavy
256	b	b	consonant	bilabial	stop	voiced	plain
257	pʱ	pɦ	consonant	bilabial	stop	voiceless	voiced_aspirated
258	pᵐ	p	consonant	bilabial	stop	voiceless	postnasalized
259	pʷ	pʷ	consonant	bilabial	stop	voiceless	labialized
260	b*	b*	consonant	bilabial	stop	voiced	lax
261	pː	pː	consonant	bilabial	stop	voiceless_long	plain
262	p*	p*	consonant	bilabial	stop	voiceless	lax
263	pʰ	pʰ	consonant	bilabial	stop	voiceless	aspirated
264	ᵐbʷ	bʷ	consonant	bilabial	stop	voiced	labialized_prenasalized
265	bʲ	bʲ	consonant	bilabial	stop	voiced	palatalized
266	pˠ	pˠ	consonant	bilabial	stop	voiceless	velarized
267	pʲʰ	pʲʰ	consonant	bilabial	stop	voiceless	aspirated_palatalized
268	bʰ	bʰ	consonant	bilabial	stop	voiced	aspirated
269	bˀ	bʼ	consonant	bilabial	stop	voiced	glottalized
270	b̂	b̂	consonant	bilabial	stop	voiced	lenis
271	pʷˀ	pʷʼ	consonant	bilabial	stop	voiceless	glottalized_labialized
272	pʲ	pʲ	consonant	bilabial	stop	voiceless	palatalized
273	bˤ	bˤ	consonant	bilabial	stop	voiced	pharyngealized
274	ᵐbʲ	bʲ	consonant	bilabial	stop	voiced	palatalized_prenasalized
275	ᵐpʰ	pʰ	consonant	bilabial	stop	voiceless	aspirated_prenasalized
276	bˡ	bˡ	consonant	bilabial	stop	voiced	lateral
277	ᵐp	p	consonant	bilabial	stop	voiceless	prenasalized
278	bʷ	bʷ	consonant	bilabial	stop	voiced	labialized
279	ᵐb̥	mb̥	consonant	bilabial	stop	devoiced	prenasalized
280	b̤		consonant	bilabial	stop	breathy	plain
281	pˤ	pˤ	consonant	bilabial	stop	voiceless	pharyngealized
282	b̥	b̥	consonant	bilabial	stop	devoiced	plain
283	bː	bː	consonant	bilabial	stop	voiced_long	plain
284	pʰʷ	pʰʷ	consonant	bilabial	stop	voiceless	aspirated_labialized
285	b̥ʰ		consonant	bilabial	stop	devoiced	aspirated
286	ˀp	ʔp	consonant	bilabial	stop	voiceless	preglottalized
287	pˡ	pˡ	consonant	bilabial	stop	voiceless	lateral
288	p̀	p̀	consonant	bilabial	stop	voiceless	tense
289	ᵑb	b	consonant	bilabial	stop	voiced	velar_prenasalized
290	p	p	consonant	bilabial	stop	voiceless	plain
291	ʙ	ʙ	consonant	bilabial	trill	voiced	plain
292	bz	bz	consonant	bilabial_to_alveolar	affricate	voiced	plain
293	ps	ps	consonant	bilabial_to_alveolar	affricate	voiceless	plain
294	mnl	mnl	consonant	bilabial_to_alveolar	nasal	voiced	lateral
295	pt	p͡t	consonant	bilabial_to_alveolar	stop	voiceless	plain
296	bd	b͡d	consonant	bilabial_to_alveolar	stop	voiced	plain
297	pts	p͡ts	consonant	bilabial_to_alveolar	stop_to_affricate	voiceless	plain
298	bdz	b͡dz	consonant	bilabial_to_alveolar	stop_to_affricate	voiced	plain
299	bɗ	b͡ɗ	consonant	bilabial_to_alveolar	stop_to_implosive	voiced	plain
300	bɮ	bɮ	consonant	bilabial_to_lateral	affricate	voiced	plain
301	pʃˀ	pʃʼ	consonant	bilabial_to_postalveolar	affricate	voiceless	glottalized
302	bʒ	bʒ	consonant	bilabial_to_postalveolar	affricate	voiced	plain
303	pʃʰ	pʃʰ	consonant	bilabial_to_postalveolar	affricate	voiceless	aspirated
304	bdʒ	b͡dʒ	consonant	bilabial_to_postalveolar	stop_to_affricate	voiced	plain
305	btʃ	b͡tʃ	consonant	bilabial_to_postalveolar	stop_to_affricate	voiced_to_voiceless	plain
306	mŋ	m͡ŋ	consonant	bilabial_to_velar	nasal	voiced	plain
307	bg	b͡ɡ	consonant	bilabial_to_velar	stop	voiced	plain
308	pk	p͡k	consonant	bilabial_to_velar	stop	voiceless	plain
309	t̪s̪ʰʷ	t̪s̪ʰʷ	consonant	dental	affricate	voiceless	aspirated_labialized
310	t̪s̪ː	t̪s̪ː	consonant	dental	affricate	voiceless_long	plain
311	t̪s̪	t̪s̪	consonant	dental	affricate	voiceless	plain
312	t̪s̪ʱ	t̪s̪ɦ	consonant	dental	affricate	voiceless	voiced_aspirated
313	d̪z̪ʷ	d̪z̪ʷ	consonant	dental	affricate	voiced	labialized
314	t̺s̺ʲ	t̺s̺ʲ	consonant	dental	affricate	voiceless	palatalized
315	d̪z̪ʲ	d̪z̪ʲ	consonant	dental	affricate	voiced	palatalized
316	d̪z̪	d̪z̪	consonant	dental	affricate	voiced	plain
317	t̪s̪ʰ	t̪s̪ʰ	consonant	dental	affricate	voiceless	aspirated
318	t̪s̪ˀ	t̪s̪ʼ	consonant	dental	affricate	voiceless	glottalized
319	ǀs	ǀs	consonant	dental	click	voiceless	affricative
320	ʔǀn	ʔǀn	consonant	dental	click	voiceless	nasalized_preglottalized
321	nkǀ	nkǀ	consonant	dental	click	voiceless	alveolar_prenasalized_k_accompaniment
322	ⁿǀ	nǀ,ⁿǀ	consonant	dental	click	voiceless	prenasalized
323	ǀⁿ̥	ǀn̥	consonant	dental	click	voiceless	voiceless_nasalized
324	mǀG	mǀG	consonant	dental	click	voiceless	labial_prenasalized_G_accompaniment
325	ǀʰ	ǀʰ	consonant	dental	click	voiceless	aspirated
326	ǀkxʔ	ǀkxʔ	consonant	dental	click	voiceless	glottalized_kx_accompaniment
327	gǀ	ɡǀ	consonant	dental	click	voiced	plain
328	ǀqʔ	ǀqʔ	consonant	dental	click	voiceless	glottalized_q_accompaniment
329	ⁿgǀ	nɡǀ	consonant	dental	click	voiced	prenasalized
330	gǀkx	ɡǀkx	consonant	dental	click	voiced	kx_accompaniment
331	ǀʔ	ǀʔ	consonant	dental	click	voiceless	glottalized
332	gǀʰ	ɡǀʰ	consonant	dental	click	voiced	aspirated
332	gǀʰ	ɡǀʰ	consonant	dental	click	voiced	aspirated
334	ǀⁿ	ǀn	consonant	dental	click	voiceless	nasalized
335	ǀx	ǀx	consonant	dental	click	voiceless	x_accompaniment
336	gǀx	ɡǀx	consonant	dental	click	voiced	x_accompaniment
337	ǀqʰ	ǀqʰ	consonant	dental	click	voiceless	aspirated_q_accompaniment
338	ǀq	ǀq	consonant	dental	click	voiceless	q_accompaniment
339	ǀ	ǀ	consonant	dental	click	voiceless	plain
340	t̪ʼ	t̪ʼ	consonant	dental	ejective	voiceless	plain
341	n̪t̪ʼ	n̪t̪ʼ	consonant	dental	ejective	voiceless	prenasalized
342	ɾ̪ˤ	ɾ̪ˤ	consonant	dental	flap	voiced	pharyngealized
343	ɾ̪	ɾ̪	consonant	dental	flap	voiced	plain
344	z̪ˤː	z̪ˤː	consonant	dental	fricative	voiced_long	pharyngealized
345	z̪ː	z̪ː	consonant	dental	fricative	voiced_long	plain
346	s̪ˀ	s̪ʼ	consonant	dental	fricative	voiceless	glottalized
347	s̪ˤ	s̪ˤ	consonant	dental	fricative	voiceless	pharyngealized
348	z̪ʲ	z̪ʲ	consonant	dental	fricative	voiced	palatalized
349	z̪	z̪	consonant	dental	fricative	voiced	plain
350	n̪z̪	n̪z̪	consonant	dental	fricative	voiced	prenasalized
351	s̪ː	s̪ː	consonant	dental	fricative	voiceless_long	plain
352	s̪ˤː	s̪ˤː	consonant	dental	fricative	voiceless_long	pharyngealized
353	z̪ˤ	z̪ˤ	consonant	dental	fricative	voiced	pharyngealized
354	s̪ʲ	s̪ʲ	consonant	dental	fricative	voiceless	palatalized
355	s̪	s̪	consonant	dental	fricative	voiceless	plain
356	ɗ̪	ɗ̪	consonant	dental	implosive	voiced	plain
357	l̪ː	l̪ː	consonant	dental	lateral_approximant	voiced_long	plain
358	l̪ˀ	l̪ʼ	consonant	dental	lateral_approximant	voiced	glottalized
359	l̪ˤ	l̪ˤ	consonant	dental	lateral_approximant	voiced	pharyngealized
360	l̪ˤː	l̪ˤː	consonant	dental	lateral_approximant	voiced_long	pharyngealized
361	l̪	l̪	consonant	dental	lateral_approximant	voiced	plain
362	l̪ʰ	l̪ʰ	consonant	dental	lateral_approximant	voiced	aspirated
363	l̪ʲ	l̪ʲ	consonant	dental	lateral_approximant	voiced	palatalized
364	l̪θ	l̪θ	consonant	dental	lateral_approximant_to_fricative	voiced_to_voiceless	plain
365	n̪ʰ	n̪ʰ	consonant	dental	nasal	voiced	aspirated
366	n̪ʲ	n̪ʲ	consonant	dental	nasal	voiced	palatalized
367	n̪	n̪	consonant	dental	nasal	voiced	plain
368	n̪ː	n̪ː	consonant	dental	nasal	voiced_long	plain
369	n̪ˀ	n̪ʼ	consonant	dental	nasal	voiced	glottalized
370	d̪	d̪	consonant	dental	stop	voiced	plain
371	ⁿd̪	ⁿd̪	consonant	dental	stop	voiced	prenasalized
372	t̪̀	t̪̀	consonant	dental	stop	voiceless	tense
373	t̪ˤː	t̪ˤː	consonant	dental	stop	voiceless_long	pharyngealized
374	t̪ʷ	t̪ʷ	consonant	dental	stop	voiceless	labialized
375	t̪ʲ	t̪ʲ	consonant	dental	stop	voiceless	palatalized
376	ⁿ̪t̪	n̪t̪	consonant	dental	stop	voiceless	prenasalized
377	t̪ˤ	t̪ˤ	consonant	dental	stop	voiceless	pharyngealized
378	d̪ˤ	d̪ˤ	consonant	dental	stop	voiced	pharyngealized
379	d̪ː	d̪ː	consonant	dental	stop	voiced_long	plain
380	d̪ʰ	d̪ʰ	consonant	dental	stop	voiced	aspirated
381	t̪	t̪	consonant	dental	stop	voiceless	plain
382	t̪ʰ	t̪ʰ	consonant	dental	stop	voiceless	aspirated
383	t̪ⁿ	t̪ⁿ	consonant	dental	stop	voiceless	postnasalized
384	d̪ʲ	d̪ʲ	consonant	dental	stop	voiced	palatalized
385	t̪ː	t̪ː	consonant	dental	stop	voiceless_long	plain
386	d̪ˤː	d̪ˤː	consonant	dental	stop	voiced_long	pharyngealized
387	r̪ʲ	r̪ʲ	consonant	dental	trill	voiced	palatalized
388	r̪	r̪	consonant	dental	trill	voiced	plain
389	s̪v	s̪v	consonant	dental_to_labiodental	fricative	voiceless_to_voiced	plain
390	z̪v	z̪v	consonant	dental_to_labiodental	fricative	voiced	plain
391	t̪c	t̪͡c	consonant	dental_to_palatal	stop	voiceless	plain
392	d̪ʒ	d̪ʒ	consonant	dental_to_postalveolar	affricate	voiced	plain
393	t̪ʃ	t̪ʃ	consonant	dental_to_postalveolar	affricate	voiceless	plain
394	t̪k	t̪͡k	consonant	dental_to_velar	stop	voiceless	plain
395	ʜ	ʜ	consonant	epiglottal	fricative	voiceless	plain
396	ʡ	ʡ	consonant	epiglottal	fricative	voiced	plain
397	ʢ	ʢ	consonant	epiglottal	stop	voiceless	plain
398	hˤ	hˤ	consonant	glottal	fricative	voiceless	pharyngealized
399	ɦʲ	ɦʲ	consonant	glottal	fricative	voiced	palatalized
400	ɦ	ɦ	consonant	glottal	fricative	voiced	plain
401	hʷː	hʷː	consonant	glottal	fricative	voiceless_long	labialized
402	ɦʷ	ɦʷ	consonant	glottal	fricative	voiced	labialized
403	h̃	h̃	consonant	glottal	fricative	voiceless	nasalized
404	h	h	consonant	glottal	fricative	voiceless	plain
405	hʲ	hʲ	consonant	glottal	fricative	voiceless	palatalized
406	hʷ	hʷ	consonant	glottal	fricative	voiceless	labialized
407	ɦ̃	ɦ̃	consonant	glottal	fricative	voiced	nasalized
408	ʔ	ʔ	consonant	glottal	stop	voiceless	plain
409	ʔʷ	ʔʷ	consonant	glottal	stop	voiceless	labialized
410	ʔˤ	ʔˤ	consonant	glottal	stop	voiceless	pharyngealized
411	d̪ð	d̪ð	consonant	interdental	affricate	voiced	plain
412	t̪θ	t̪θ	consonant	interdental	affricate	voiceless	plain
413	ɾð	ɾð	consonant	interdental	flap	voiced	plain
414	ðʲ	ðʲ	consonant	interdental	fricative	voiced	palatalized
415	ⁿð	nð	consonant	interdental	fricative	voiced	prenasalized
416	θ	θ	consonant	interdental	fricative	voiceless	plain
417	ðˤ	ðˤ	consonant	interdental	fricative	voiced	pharyngealized
418	ð	ð	consonant	interdental	fricative	voiced	plain
419	ðˠ	ðˠ	consonant	interdental	fricative	voiced	velarized
420	θˀ	θʼ	consonant	interdental	fricative	voiceless	glottalized
421	ðn	ðn	consonant	interdental	nasal_spirant	voiceless	plain
422	pv	pv	consonant	labiodental	affricate	voiceless_to_voiced	plain
423	pf	pf	consonant	labiodental	affricate	voiceless	plain
424	pfʰ	pfʰ	consonant	labiodental	affricate	voiceless	aspirated
425	bv	bv	consonant	labiodental	affricate	voiced	plain
426	ʋ*	ʋ*	consonant	labiodental	approximant	voiced	lax
427	ʋ	ʋ	consonant	labiodental	approximant	voiced	plain
428	ʋʰ	ʋʰ	consonant	labiodental	approximant	voiced	aspirated
429	ʋʲ	ʋʲ	consonant	labiodental	approximant	voiced	palatalized
430	ʋ̃	ʋ̃	consonant	labiodental	approximant	voiced	nasalized
430	ʋ̃	ʋ̃	consonant	labiodental	approximant	voiced	nasalized
432		vɾ,	consonant	labiodental	flap	voiced	plain
433	vʲ	vʲ	consonant	labiodental	fricative	voiced	palatalized
434	fʲ	fʲ	consonant	labiodental	fricative	voiceless	palatalized
435	v̥	v̥	consonant	labiodental	fricative	devoiced	plain
436	ᵐf	f	consonant	labiodental	fricative	voiceless	prenasalized
437	vː		consonant	labiodental	fricative	voiced_long	plain
438	vʷ	vʷ	consonant	labiodental	fricative	voiced	labialized
439	vˡ	vˡ	consonant	labiodental	fricative	voiced	lateral
440	vˤ	vˤ	consonant	labiodental	fricative	voiced	pharyngealized
441	fˡ	fˡ	consonant	labiodental	fricative	voiceless	lateral
442	fˀ	fʼ	consonant	labiodental	fricative	voiceless	glottalized
443	fː	fː	consonant	labiodental	fricative	voiceless_long	plain
444	v̤	v̤	consonant	labiodental	fricative	breathy	plain
445	ṽʲ	ṽʲ	consonant	labiodental	fricative	voiced	nasalized_palatalized
446	ᶬf	ɱ̥f	consonant	labiodental	fricative	voiceless	voiceless_prenasalized
447	fˤ	fˤ	consonant	labiodental	fricative	voiceless	pharyngealized
448	vʰ	vʰ	consonant	labiodental	fricative	voiced	aspirated
449	fʷ	fʷ	consonant	labiodental	fricative	voiceless	labialized
450	v	v	consonant	labiodental	fricative	voiced	plain
451	f	f	consonant	labiodental	fricative	voiceless	plain
452	ɱ	ɱ	consonant	labiodental	nasal	voiced	plain
453	v̌	v̌	consonant	labiodental	trill	voiced	plain
454	fʃ	fʃ	consonant	labiodental_to_postalveolar	fricative	voiceless	plain
455	bʝ	b͡ʝ	consonant	labiopalatal	affricate	voiced	plain
456	bç	b͡ç	consonant	labiopalatal	affricate	voiced_to_voiceless	plain
457	ɥ	ɥ	consonant	labiopalatal	approximant	voiced	plain
458	ɥ̥	ɥ̥	consonant	labiopalatal	approximant	voiceless	plain
459	w̃	w̃	consonant	labiovelar	approximant	voiced	nasalized
460	wʱ	wɦ	consonant	labiovelar	approximant	voiced	voiced_aspirated
461	w	w	consonant	labiovelar	approximant	voiced	plain
462	w*	w*	consonant	labiovelar	approximant	voiced	lax
463	wˤ	wˤ	consonant	labiovelar	approximant	voiced	pharyngealized
464	wː	wː	consonant	labiovelar	approximant	voiced_long	plain
465	wʰ	wʰ	consonant	labiovelar	approximant	voiced	aspirated
466	ˀw	ʔw	consonant	labiovelar	approximant	voiced	preglottalized
467	wˀ	wʼ	consonant	labiovelar	approximant	voiced	glottalized
468	ʍ	ʍ	consonant	labiovelar	approximant	voiceless	plain
469	wʲ	wʲ	consonant	labiovelar	approximant	voiced	palatalized
470	ɣβ	ɣ͡β	consonant	labiovelar	fricative	voiced	plain
471	xɸ	x͡ɸ	consonant	labiovelar	fricative	voiceless	plain
472	ɠɓ	ɠ͡ɓ	consonant	labiovelar	implosive	voiced	plain
473	o̯	o̯	consonant	labiovelar	mid_approximant	voiced	plain
474	ŋmʲ	ŋ͡mʲ	consonant	labiovelar	nasal	voiced	palatalized
475	ŋm	ŋ͡m	consonant	labiovelar	nasal	voiced	plain
476	ĝb̂	ɡ̂͡b̂	consonant	labiovelar	stop	voiced	lenis
477	ᵐgb	ɡ͡b	consonant	labiovelar	stop	voiced	labial_prenasalized
478	ᵑgb	ɡ͡b	consonant	labiovelar	stop	voiced	velar_prenasalized
479	ᵐkp	k͡p	consonant	labiovelar	stop	voiceless	labial_prenasalized
480	kp	k͡p	consonant	labiovelar	stop	voiceless	plain
481	pkʰ	p͡kʰ	consonant	labiovelar	stop	voiceless	aspirated
482	k̂p̂	k̂͡p̂	consonant	labiovelar	stop	voiceless	lenis
483	gbʲ	ɡ͡bʲ	consonant	labiovelar	stop	voiced	palatalized
484	kpʲ	k͡pʲ	consonant	labiovelar	stop	voiceless	palatalized
485	gb	ɡ͡b	consonant	labiovelar	stop	voiced	plain
486	gp	ɡ͡p	consonant	labiovelar	stop	voiced_to_voiceless	plain
487	kpʷ	k͡pʷ	consonant	labiovelar	stop	voiceless	labialized
488	ᵑᵐgb	ɡ͡b	consonant	labiovelar	stop	voiced	prenasalized
489	gbʷ	ɡ͡bʷ	consonant	labiovelar	stop	voiced	labialized
490	gɓ	ɡ͡ɓ	consonant	labiovelar	stop_to_implosive	voiced	plain
491	t̻s̻	t̻s̻	consonant	laminal_alveolar	affricate	voiceless	plain
492	s̻ˤ	s̻ˤ	consonant	laminal_alveolar	fricative	voiceless	pharyngealized
493	z̻ˤ	z̻ˤ	consonant	laminal_alveolar	fricative	voiced	pharyngealized
494	s̻	s̻	consonant	laminal_alveolar	fricative	voiceless	plain
495	z̻	z̻	consonant	laminal_alveolar	fricative	voiced	plain
496	n̻	n̻	consonant	laminal_alveolar	nasal	voiced	plain
497	d̻	d̻	consonant	laminal_alveolar	stop	voiced	plain
498	d̻ʑ	d̻ʑ	consonant	laminal_alveolar_to_alveolopalatal	affricate	voiced	plain
499	t̻ɕʰ	t̻ɕʰ	consonant	laminal_alveolar_to_alveolopalatal	affricate	voiceless	aspirated
500	t̻ɕ	t̻ɕ	consonant	laminal_alveolar_to_alveolopalatal	affricate	voiceless	plain
501	t̻ɕˀ	t̻ɕʼ	consonant	laminal_alveolar_to_alveolopalatal	affricate	voiceless	glottalized
502	d̻ʒ̻	d̻ʒ̻	consonant	laminal_alveolar_to_laminal_postalveolar	affricate	voiced	plain
503	t̻ʃ̻	t̻ʃ̻	consonant	laminal_postalveolar	affricate	voiceless	plain
504	ʃ̥ʷ	ʃ̥ʷ	consonant	laminal_postalveolar	fricative	voiceless	labialized
505	ʒ̥ʷ	ʒ̥ʷ	consonant	laminal_postalveolar	fricative	voiced	labialized
506	ʒ̥	ʒ̥	consonant	laminal_postalveolar	fricative	voiced	plain
507	tɬˀ	tɬʼ	consonant	lateral	affricate	voiceless	glottalized
508	ⁿtɬ	ⁿtɬ	consonant	lateral	affricate	voiceless	prenasalized
509	tɬʰ	tɬʰ	consonant	lateral	affricate	voiceless	aspirated
510	tɬ	tɬ	consonant	lateral	affricate	voiceless	plain
511	ⁿdɮ	ⁿdɮ	consonant	lateral	affricate	voiced	prenasalized
512	ǁkxʔ	ǁkxʔ	consonant	lateral	click	voiceless	glottalized_kx_accompaniment
513	ǁ	ǁ	consonant	lateral	click	voiceless	plain
514	ǁqʔ	ǁqʔ	consonant	lateral	click	voiceless	glottalized_q_accompaniment
515	ʔǁn	ʔǁn	consonant	lateral	click	voiceless	glottalized_prenasalized
516	ǁʰ	ǁʰ	consonant	lateral	click	voiceless	aspirated
517	ǁʔ	ǁʔ	consonant	lateral	click	voiceless	glottalized
518	gǁkx	ɡǁkx	consonant	lateral	click	voiced	kx_accompaniment
519	gǁx	ɡǁx	consonant	lateral	click	voiced	x_accompaniment
520	mǁG	mǁG	consonant	lateral	click	voiced	labial_prenasalized_G_accompaniment
521	ǁⁿ̥	ǁn̥	consonant	lateral	click	voiced	voiceless_nasalized
522	ǁqʰ	ǁqʰ	consonant	lateral	click	voiceless	aspirated_q_accompaniment
523	ǁx	ǁx	consonant	lateral	click	voiceless	x_accompaniment
524	ⁿǁ	nǁ	consonant	lateral	click	voiceless	prenasalized
525	ǁq	ǁq	consonant	lateral	click	voiceless	q_accompaniment
526	ǁn	ǁn	consonant	lateral	click	voiced	nasalized
527	gǁʰ	ɡǁʰ	consonant	lateral	click	voiced	aspirated
528	gǁ	ɡǁ	consonant	lateral	click	voiced	plain
529	ⁿgǁ	nɡǁ	consonant	lateral	click	voiced	prenasalized
530	ɺ	ɺ,ɾˡ	consonant	lateral	flap	voiced	plain
530	ɺ	ɺ,ɾˡ	consonant	lateral	flap	voiced	plain
532	ⁿɬ	ⁿɬ	consonant	lateral	fricative	voiceless	prenasalized
533	ɬʷ	ɬʷ	consonant	lateral	fricative	voiceless	labialized
534	ɬ̀	ɬ̀	consonant	lateral	fricative	voiceless	tense
535	ᵐɬ	ɬ	consonant	lateral	fricative	voiceless	labial_prenasalized
536	ⁿɮ	ⁿɮ	consonant	lateral	fricative	voiced	prenasalized
537	ɬː		consonant	lateral	fricative	voiceless_long	plain
538	ɮ	ɮ	consonant	lateral	fricative	voiced	plain
539	ɬ	ɬ	consonant	lateral	fricative	voiceless	plain
540	ɬˀ	ɬʼ	consonant	lateral	fricative	voiceless	glottalized
541	lˤ	lˤ	consonant	lateral	lateral_approximant	voiced	pharyngealized
542	l̩	l̩	consonant	lateral	lateral_approximant	voiced	syllabic
543	l̥	l̥	consonant	lateral	lateral_approximant	voiceless	plain
544	lː	lː	consonant	lateral	lateral_approximant	voiced_long	plain
545	lʲ	lʲ	consonant	lateral	lateral_approximant	voiced	palatalized
546	lʰ	lʰ	consonant	lateral	lateral_approximant	voiced	aspirated
547	l̥ʰ	l̥ʰ	consonant	lateral	lateral_approximant	voiceless	aspirated
548	lˠ	lˠ	consonant	lateral	lateral_approximant	voiced	velarized
549	l̤	l̤	consonant	lateral	lateral_approximant	breathy	plain
550	lᶣ	lɥ	consonant	lateral	lateral_approximant	voiced	labiopalatalized
551	lʲː		consonant	lateral	lateral_approximant	voiced_long	palatalized
552	ᵐl	l	consonant	lateral	lateral_approximant	voiced	labial_prenasalized
553	l	l	consonant	lateral	lateral_approximant	voiced	plain
554	lˠʷ	lˠʷ	consonant	lateral	lateral_approximant	voiced	labialized_velarized
555	lˀ	lʼ	consonant	lateral	lateral_approximant	voiced	glottalized
556	ˀl	ʔl	consonant	lateral	lateral_approximant	voiced	preglottalized
557	lʷ	lʷ	consonant	lateral	lateral_approximant	voiced	labialized
558	l̃	l̃	consonant	lateral	lateral_approximant	voiced	nasalized
559	tlˀ	tlʼ	consonant	lateral	stop	voiceless	glottalized
560	ⁿdl	ⁿdl	consonant	lateral	stop	voiced	prenasalized
561	tlʰ	tlʰ	consonant	lateral	stop	voiceless	aspirated
562	dl	dl	consonant	lateral	stop	voiced	plain
563	ⁿdlˀ	ⁿdlʼ	consonant	lateral	stop	voiced	glottalized_prenasalized
564	tl	tl	consonant	lateral	stop	voiceless	plain
565	cçˀ	cçʼ	consonant	palatal	affricate	voiceless	glottalized
566	cçʰ	cçʰ	consonant	palatal	affricate	voiceless	aspirated
567	cç	cç	consonant	palatal	affricate	voiceless	plain
568	ɟʝ	ɟʝ	consonant	palatal	affricate	voiced	plain
569	j	j	consonant	palatal	approximant	voiced	plain
570	jʷ	jʷ	consonant	palatal	approximant	voiced	labialized
571	jˀ	jʼ	consonant	palatal	approximant	voiced	glottalized
572	jʰ	jʰ	consonant	palatal	approximant	voiced	aspirated
573	ĵ	ĵ	consonant	palatal	approximant	voiced	lenis
574	j̥	j̥	consonant	palatal	approximant	voiceless	plain
575	j̃	j̃	consonant	palatal	approximant	voiced	nasalized
576	ˀj	ʔj	consonant	palatal	approximant	voiced	preglottalized
577	jː	jː	consonant	palatal	approximant	voiced_long	plain
578	cʼ	cʼ	consonant	palatal	ejective	voiceless	plain
579	ʝ	ʝ	consonant	palatal	fricative	voiced	plain
580	çʷ	çʷ	consonant	palatal	fricative	voiceless	labialized
581	ʝˀ	ʝʼ	consonant	palatal	fricative	voiced	glottalized
582	ç	ç	consonant	palatal	fricative	voiceless	plain
583	ʄ̥	ʄ̥	consonant	palatal	implosive	voiceless	plain
584	ʄ	ʄ	consonant	palatal	implosive	voiced	plain
585	ʎ̥	ʎ̥	consonant	palatal	lateral_approximant	voiceless	plain
586	ʎː		consonant	palatal	lateral_approximant	voiced_long	plain
587	ʎ	ʎ	consonant	palatal	lateral_approximant	voiced	plain
588	e̯	e̯	consonant	palatal	mid_approximant	voiced	plain
589	ɲᶣ	ɲɥ	consonant	palatal	nasal	voiced	labiopalatalized
590	ɲ̊		consonant	palatal	nasal	voiced	devoiced
591	ᵐɲ	ɲ	consonant	palatal	nasal	voiced	labial_prenasalized
592	ɲː	ɲː	consonant	palatal	nasal	voiced_long	plain
593	ɲ̥	ɲ̥	consonant	palatal	nasal	voiceless	plain
594	ɲ	ɲ	consonant	palatal	nasal	voiced	plain
595	ɲʰ	ɲʰ	consonant	palatal	nasal	voiced	aspirated
596	ɲ̥ʰ	ɲ̥ʰ	consonant	palatal	nasal	voiceless	aspirated
597	cː		consonant	palatal	stop	voiceless_long	plain
598	cʷ	cʷ	consonant	palatal	stop	voiceless	labialized
599	cˤ	cˤ	consonant	palatal	stop	voiceless	pharyngealized
600	c	c	consonant	palatal	stop	voiceless	postnasalized
601	ɟʷ	ɟʷ	consonant	palatal	stop	voiced	labialized
602	ɟʰ	ɟʰ	consonant	palatal	stop	voiced	aspirated
603	cʰ	cʰ	consonant	palatal	stop	voiceless	aspirated
604	ᵑc	c	consonant	palatal	stop	voiceless	velar_prenasalized
605	c	c	consonant	palatal	stop	voiceless	plain
606	ɟ̥	ɟ̥	consonant	palatal	stop	devoiced	plain
607	ⁿc	ⁿc	consonant	palatal	stop	voiceless	prenasalized
608	ɟ	ɟ	consonant	palatal	stop	voiced	plain
609	ⁿɟ	ⁿɟ	consonant	palatal	stop	voiced	prenasalized
610	cɕ	cɕ	consonant	palatal_to_alveolopalatal	affricate	voiceless	plain
611	ɟʑ	ɟʑ	consonant	palatal_to_alveolopalatal	affricate	voiced	plain
612	cɕʰ	cɕʰ	consonant	palatal_to_alveolopalatal	affricate	voiceless	aspirated
613	cɕˀ	cɕʼ	consonant	palatal_to_alveolopalatal	affricate	voiceless	glottalized
614	c̀ɕ	c̀ɕ	consonant	palatal_to_alveolopalatal	affricate	voiceless	tense
615	ɲn̪	ɲ͡n̪	consonant	palatal_to_dental	nasal	voiced	plain
616	ᶮcʃ	ɲ̥cʃ	consonant	palatal_to_postalveolar	affricate	voiceless	voiceless_prenasalized
617	cʃ	cʃ	consonant	palatal_to_postalveolar	affricate	voiceless	plain
618	ɧ		consonant	palatal_to_velar	fricative	voiceless	plain
619	ɲŋ	ɲ͡ŋ	consonant	palatal_to_velar	nasal	voiced	plain
620	ɲŋw	ɲ͡ŋw	consonant	palatal_to_velar	nasal	voiced	labialized
621	ǂʰ	ǂʰ	consonant	palatoalveolar	click	voiceless	aspirated
622	ǂn	ǂn	consonant	palatoalveolar	click	voiceless	nasalized
623	mǂG	mǂG	consonant	palatoalveolar	click	voiceless	labial_prenasalized_G_accompaniment
624	gǂx	ɡǂx	consonant	palatoalveolar	click	voiced	x_accompaniment
625	ǂⁿ̥	ǂn̥	consonant	palatoalveolar	click	voiceless	voiceless_nasalized
626	ǂx	ǂx	consonant	palatoalveolar	click	voiceless	x_accompaniment
627	ǂq	ǂq	consonant	palatoalveolar	click	voiceless	q_accompaniment
628	gǂ	ɡǂ	consonant	palatoalveolar	click	voiced	plain
629	ǂqʔ	ǂqʔ	consonant	palatoalveolar	click	voiceless	glottalized_q_accompaniment
630	ⁿǂ	nǂ	consonant	palatoalveolar	click	voiceless	prenasalized
631	ǂʔ	ǂʔ	consonant	palatoalveolar	click	voiceless	glottalized
632	ǂkxʔ	ǂkxʔ	consonant	palatoalveolar	click	voiceless	glottalized_kx_accompaniment
633	ǂqʰ	ǂqʰ	consonant	palatoalveolar	click	voiceless	aspirated_q_accompaniment
634	ⁿgǂ	nɡǂ	consonant	palatoalveolar	click	voiced	prenasalized
635	gǂkx	ɡǂkx	consonant	palatoalveolar	click	voiced	kx_accompaniment
636	ǂ	ǂ	consonant	palatoalveolar	click	voiceless	plain
637	ʔǂn	ʔǂn	consonant	palatoalveolar	click	voiceless	nasalized_preglottalized
638	gǂʰ	ɡǂʰ	consonant	palatoalveolar	click	voiced	aspirated
639	ʕʷ	ʕʷ	consonant	pharyngeal	fricative	voiced	labialized
640	ʕ	ʕ	consonant	pharyngeal	fricative	voiced	plain
641	ħ	ħ	consonant	pharyngeal	fricative	voiceless	plain
642	ʕˀ	ʕʼ	consonant	pharyngeal	fricative	voiced	glottalized
643	ʕˀʷ	ʕʼʷ	consonant	pharyngeal	fricative	voiced	glottalized_labialized
644	ħʷ	ħʷ	consonant	pharyngeal	fricative	voiceless	labialized
645	N̩	N̩	consonant	placeless	nasal	voiced	syllabic
646	N?	N?	consonant	placeless	nasal	voiced	plain
647	tʃˤ	tʃˤ	consonant	postalveolar	affricate	voiceless	pharyngealized
648	ᵐtʃ	tʃ	consonant	postalveolar	affricate	voiceless	labial_prenasalized
649	tʃʷˀ	tʃʷʼ	consonant	postalveolar	affricate	voiceless	glottalized_labialized
650	tʃ	tʃ	consonant	postalveolar	affricate	voiceless	plain
651	tʃˀ	tʃʼ	consonant	postalveolar	affricate	voiceless	glottalized
652	tʃ̀	tʃ̀	consonant	postalveolar	affricate	voiceless	tense
653	tʃʰʷ	tʃʰʷ	consonant	postalveolar	affricate	voiceless	aspirated_labialized
654	dʒ	dʒ	consonant	postalveolar	affricate	voiced	plain
655	ⁿtʃʰʷ	ⁿtʃʰʷ	consonant	postalveolar	affricate	voiceless	aspirated_labialized_prenasalized
656	ᵐdʒ	dʒ	consonant	postalveolar	affricate	voiced	labial_prenasalized
657	tʃʷ	tʃʷ	consonant	postalveolar	affricate	voiceless	labialized
658	tʃʱ	tʃɦ	consonant	postalveolar	affricate	voiceless	voiced_aspirated
659	ⁿtʃ	ⁿtʃ	consonant	postalveolar	affricate	voiceless	prenasalized
660	tʃʰ	tʃʰ	consonant	postalveolar	affricate	voiceless	aspirated
661	dːʒ	dːʒ	consonant	postalveolar	affricate	voiced_long	plain
662	dʒʲ	dʒʲ	consonant	postalveolar	affricate	voiced	palatalized
663	tʃʲ	tʃʲ	consonant	postalveolar	affricate	voiceless	palatalized
664	ⁿtʃʷ	ⁿtʃʷ	consonant	postalveolar	affricate	voiceless	labialized_prenasalized
665	dʒʷ	dʒʷ	consonant	postalveolar	affricate	voiced	labialized
666	dʒʰ	dʒʰ	consonant	postalveolar	affricate	voiced	aspirated
667	ⁿtʃˀ	ⁿtʃʼ	consonant	postalveolar	affricate	voiceless	glottalized_prenasalized
668	ⁿdʒ	ⁿdʒ	consonant	postalveolar	affricate	voiced	prenasalized
669	ʒː	ʒː	consonant	postalveolar	fricative	voiced_long	plain
670	ʃʷ	ʃʷ	consonant	postalveolar	fricative	voiceless	labialized
671	ʒʰ	ʒʰ	consonant	postalveolar	fricative	voiced	aspirated
672	ʒʷ	ʒʷ	consonant	postalveolar	fricative	voiced	labialized
673	ᵐʃ	ʃ	consonant	postalveolar	fricative	voiceless	labial_prenasalized
674	ⁿʒ	ⁿʒ	consonant	postalveolar	fricative	voiced	prenasalized
675	ʃʲ	ʃʲ	consonant	postalveolar	fricative	voiceless	palatalized
676	ᶮʃ	ɲ̥ʃ	consonant	postalveolar	fricative	voiceless	voiceless_prenasalized
677	ʃː	ʃː	consonant	postalveolar	fricative	voiceless_long	plain
678	ʃˀ	ʃʼ	consonant	postalveolar	fricative	voiceless	glottalized
679	ʃ̀	ʃ̀	consonant	postalveolar	fricative	voiceless	tense
680	ʒ̤	ʒ̤	consonant	postalveolar	fricative	breathy	plain
681	ʒʲ	ʒʲ	consonant	postalveolar	fricative	voiced	palatalized
682	ʃ	ʃ	consonant	postalveolar	fricative	voiceless	plain
683	ⁿʃ	ⁿʃ	consonant	postalveolar	fricative	voiceless	prenasalized
684	ʒ	ʒ	consonant	postalveolar	fricative	voiced	plain
685	ʃtʃ	ʃtʃ	consonant	postalveolar	fricative_to_affricate	voiceless	plain
686	ɗʒ	ɗʒ	consonant	postalveolar	implosive_affricate	voiced	plain
687	dʒɣʷ	dʒ͡ɣʷ	consonant	postalveolar_to_velar	affricate_to_fricative	voiced	labialized
688	tʃk	tʃ͡k	consonant	postalveolar_to_velar	affricate_to_stop	voiceless	plain
689	tʃkʷ	tʃ͡kʷ	consonant	postalveolar_to_velar	affricate_to_stop	voiceless	labialized
690	dʒg	dʒ͡ɡ	consonant	postalveolar_to_velar	affricate_to_stop	voiced	plain
691	ʒɣw	ʒ͡ɣw	consonant	postalveolar_to_velar	fricative	voiced	labialized
692	ʃkʷ	ʃ͡kʷ	consonant	postalveolar_to_velar	fricative_to_stop	voiceless	labialized
693	s̞	s̞	consonant	retracted_alveolar	fricative	voiceless	plain
694	n̞s̞	n̞s̞	consonant	retracted_alveolar	fricative	voiceless	prenasalized
695	n̞	n̞	consonant	retracted_alveolar	nasal	voiced	plain
696	ʈʂʰ	ʈʂʰ	consonant	retroflex	affricate	voiceless	aspirated
697	ɖʐ	ɖʐ	consonant	retroflex	affricate	voiced	plain
698	ʈʂ	ʈʂ	consonant	retroflex	affricate	voiceless	plain
699	ʈʂˀ	ʈʂʼ	consonant	retroflex	affricate	voiceless	glottalized
700	ɻ	ɻ	consonant	retroflex	approximant	voiced	plain
701	ɽʰ	ɽʰ	consonant	retroflex	flap	voiced	aspirated
702	ɽ	ɽ	consonant	retroflex	flap	voiced	plain
703	ʂʰ	ʂʰ	consonant	retroflex	fricative	voiceless	aspirated
704	ʂ	ʂ	consonant	retroflex	fricative	voiceless	plain
705	ʐ	ʐ	consonant	retroflex	fricative	voiced	plain
706	ɖ˞	ɖ˞	consonant	retroflex	implosive	voiceless	plain
707	ɭ	ɭ	consonant	retroflex	lateral_approximant	voiced	plain
708	ɭː		consonant	retroflex	lateral_approximant	voiced_long	plain
709	ɳʷ	ɳʷ	consonant	retroflex	nasal	voiced	labialized
710	ɳ	ɳ	consonant	retroflex	nasal	voiced	plain
711	ɳː		consonant	retroflex	nasal	voiced_long	plain
712	ɖː		consonant	retroflex	stop	voiced_long	plain
713	ɖ̤		consonant	retroflex	stop	breathy	plain
714	ʈʲʰ	ʈʲʰ	consonant	retroflex	stop	voiceless	aspirated_palatalized
715	ɖʰ	ɖʰ	consonant	retroflex	stop	voiced	aspirated
716	ʈ	ʈ	consonant	retroflex	stop	voiceless	plain
717	ⁿɖ	ⁿɖ	consonant	retroflex	stop	voiced	prenasalized
718	ʈᶯ	ʈⁿ	consonant	retroflex	stop	voiceless	postnasalized
719	ɖɽ	ɖɽ	consonant	retroflex	stop	voiced	rhotic
720	ɖ	ɖ	consonant	retroflex	stop	voiced	plain
721	ᶮɖɽ	ɳɖɽ	consonant	retroflex	stop	voiced	prenasalized_rhotic
722	ʈɽ	ʈɽ	consonant	retroflex	stop	voiceless	rhotic
723	ʈʲ	ʈʲ	consonant	retroflex	stop	voiceless	palatalized
724	ʈʰ	ʈʰ	consonant	retroflex	stop	voiceless	aspirated
725	ʈː		consonant	retroflex	stop	voiceless_long	plain
726	ɖʲ	ɖʲ	consonant	retroflex	stop	voiced	palatalized
727	qχ	qχ	consonant	uvular	affricate	voiceless	plain
728	qɰ	qɰ	consonant	uvular	approximant	voiced	plain
729	qʼˤʷ	qʼˤʷ	consonant	uvular	ejective	voiceless	pharyngealized_labialized
730	qʼʲ	qʼʲ	consonant	uvular	ejective	voiceless	palatalized
731	qʼ	qʼ	consonant	uvular	ejective	voiceless	plain
732	qʼʷ	qʼʷ	consonant	uvular	ejective	voiceless	labialized
733	qʼˤ	qʼˤ	consonant	uvular	ejective	voiceless	pharyngealized
734	ʁː	ʁː	consonant	uvular	fricative	voiced_long	plain
735	ʁˤ	ʁˤ	consonant	uvular	fricative	voiced	pharyngealized
736	χʷ	χʷ	consonant	uvular	fricative	voiceless	labialized
737	χˤʷ	χˤʷ	consonant	uvular	fricative	voiceless	pharyngealized_labialized
738	ʁ	ʁ	consonant	uvular	fricative	voiced	plain
739	χʲ	χʲ	consonant	uvular	fricative	voiceless	palatalized
740	ʁʷ	ʁʷ	consonant	uvular	fricative	voiced	labialized
741	χ̀	χ̀	consonant	uvular	fricative	voiceless	tense
742	χ̀ʷ	χ̀ʷ	consonant	uvular	fricative	voiceless	labialized_tense
743	ʁʲ	ʁʲ	consonant	uvular	fricative	voiced	palatalized
744	ʁˤʷ	ʁˤʷ	consonant	uvular	fricative	voiced	pharyngealized_labialized
745	χː	χː	consonant	uvular	fricative	voiceless_long	plain
746	χˤ	χˤ	consonant	uvular	fricative	voiceless	pharyngealized
747	χ	χ	consonant	uvular	fricative	voiceless	plain
748	ʛ	ʛ	consonant	uvular	implosive	voiced	plain
749	ɴˀ	ɴʼ	consonant	uvular	nasal	voiced	glottalized
750	ɴ		consonant	uvular	nasal	voiced	syllabic
751	ɴ̩	ɴ	consonant	uvular	nasal	voiced	plain
752	qˤ	qˤ	consonant	uvular	stop	voiceless	pharyngealized
753	ɢˤ	ɢˤ	consonant	uvular	stop	voiced	pharyngealized
754	qʲ	qʲ	consonant	uvular	stop	voiceless	palatalized
755	qː	qː	consonant	uvular	stop	voiceless_long	plain
756	q	q	consonant	uvular	stop	voiceless	plain
757	qʷː	qʷː	consonant	uvular	stop	voiceless_long	labialized
758	qʰ	qʰ	consonant	uvular	stop	voiceless	aspirated
759	qʷ	qʷ	consonant	uvular	stop	voiceless	labialized
760	qʰʷ	qʰʷ	consonant	uvular	stop	voiceless	aspirated_labialized
761	qˤˀ	qˤʼ	consonant	uvular	stop	voiceless	pharyngealized_glottalized
762	ɢ	ɢ	consonant	uvular	stop	voiced	plain
763	qˤʷ	qˤʷ	consonant	uvular	stop	voiceless	pharyngealized_labialized
764	qʷˀ	qʷʼ	consonant	uvular	stop	voiceless	glottalized_labialized
765	ʀˀ	ʀʼ	consonant	uvular	trill	voiced	glottalized
766	ʀ	ʀ	consonant	uvular	trill	voiced	plain
767	kxʰ	kxʰ	consonant	velar	affricate	voiceless	aspirated
768	ŋkxˀ	ŋkxʼ	consonant	velar	affricate	voiceless	glottalized_prenasalized
769	kxˀ	kxʼ	consonant	velar	affricate	voiceless	glottalized
770	gkxˀ	ɡkx’	consonant	velar	affricate	voiced_to_voiceless	glottalized
771	ɰ	ɰ	consonant	velar	approximant	voiced	plain
772	ɰˀ	ɰʼ	consonant	velar	approximant	voiced	glottalized
773	kʼʷ	kʼʷ	consonant	velar	ejective	voiceless	labialized
774	kʼʲ	kʼʲ	consonant	velar	ejective	voiceless	palatalized
775	kʼ	kʼ	consonant	velar	ejective	voiceless	plain
776	xʰ	xʰ	consonant	velar	fricative	voiceless	aspirated
777	x	x	consonant	velar	fricative	voiceless	plain
778	ɣʰ	ɣʰ	consonant	velar	fricative	voiced	aspirated
779	ɣ	ɣ	consonant	velar	fricative	voiced	plain
780	ɣː	ɣː	consonant	velar	fricative	voiced_long	plain
781	ɣʲ	ɣʲ	consonant	velar	fricative	voiced	palatalized
782	xˀ	xʼ	consonant	velar	fricative	voiceless	glottalized
783	x̀ʷ	x̀ʷ	consonant	velar	fricative	voiceless	labialized_tense
784	ɣˀ	ɣʼ	consonant	velar	fricative	voiced	glottalized
785	xː	xː	consonant	velar	fricative	voiceless_long	plain
786	xʷ	xʷ	consonant	velar	fricative	voiceless	labialized
787	ɣʷ	ɣʷ	consonant	velar	fricative	voiced	labialized
788	xʲ	xʲ	consonant	velar	fricative	voiceless	palatalized
789	x̀	x̀	consonant	velar	fricative	voiceless	tense
790	ɣ̀	ɣ̀	consonant	velar	fricative	voiced	tense
791	ɠ	ɠ	consonant	velar	implosive	voiced	plain
792	ɠ̥	ɠ̥	consonant	velar	implosive	voiceless	plain
793	ɠʷ	ɠʷ	consonant	velar	implosive	voiced	labialized
794	ɠʲ	ɠʲ	consonant	velar	implosive	voiced	palatalized
795	ʟ	ʟ	consonant	velar	lateral_approximant	voiced	plain
796	ŋʰ	ŋʰ	consonant	velar	nasal	voiced	aspirated
797	ŋ̍		consonant	velar	nasal	voiced	syllabic
798	ŋ̊ʰ	ŋ̥ʰ	consonant	velar	nasal	voiceless	aspirated
799	ŋˀ	ŋʼ	consonant	velar	nasal	voiced	glottalized
800	ŋ	ŋ	consonant	velar	nasal	voiced	plain
801	ŋ̊	ŋ̥	consonant	velar	nasal	voiceless	plain
802	ŋʷ	ŋʷ	consonant	velar	nasal	voiced	labialized
803	ŋː	ŋː	consonant	velar	nasal	voiced_long	plain
804	ᵑkʰ	kʰ	consonant	velar	stop	voiceless	aspirated_prenasalized
805	ⁿk	ⁿk	consonant	velar	stop	voiced	alveolar_prenasalized
806	ⁿgʷ	ⁿɡʷ,ɡʷ	consonant	velar	stop	voiced	labialized_prenasalized
807	kʰʲ	kʰʲ	consonant	velar	stop	voiceless	aspirated_palatalized
808	gˤ	ɡˤ	consonant	velar	stop	voiced	pharyngealized
809	kˤ	kˤ	consonant	velar	stop	voiceless	pharyngealized
810	k̀	k̀	consonant	velar	stop	voiceless	tense
811	g̥ʰ		consonant	velar	stop	devoiced	aspirated
812	k̀ʷ	k̀ʷ	consonant	velar	stop	voiceless	labialized_tense
813	gʷ	ɡʷ	consonant	velar	stop	voiced	labialized
814	ᵑg	ɡ	consonant	velar	stop	voiced	prenasalized
815	kʷˀ	kʷʼ	consonant	velar	stop	voiceless	glottalized_labialized
816	ˀk	ʔk	consonant	velar	stop	voiceless	preglottalized
817	gʲ	ɡʲ	consonant	velar	stop	voiced	palatalized
817	gʲ	ɡʲ	consonant	velar	stop	voiced	palatalized
819	kʰ	kʰ	consonant	velar	stop	voiceless	aspirated
820	kʷː	kʷː	consonant	velar	stop	voiceless_long	labialized
821	kʰʷ	kʰʷ	consonant	velar	stop	voiceless	aspirated_labialized
822	klˀ	klʼ	consonant	velar	stop	voiceless	glottalized_lateral
823	g̥	ɡ̥	consonant	velar	stop	devoiced	plain
824	ᵑk	k	consonant	velar	stop	voiceless	prenasalized
825	gː	ɡː	consonant	velar	stop	voiced_long	plain
826	gʷː	ɡʷː	consonant	velar	stop	voiced_long	labialized
827	kʷɦ	kʷɦ	consonant	velar	stop	voiceless	labialized_voiced_aspirated
828	kᵑ	k	consonant	velar	stop	voiceless	postnasalized
829	ĝ	ɡ̂	consonant	velar	stop	voiced	lenis
830	g	ɡ	consonant	velar	stop	voiced	plain
831	kː	kː	consonant	velar	stop	voiceless_long	plain
832	ᵐg	ɡ	consonant	velar	stop	voiced	labial_prenasalized
833	kʷ	kʷ	consonant	velar	stop	voiceless	labialized
834	g̤		consonant	velar	stop	breathy	plain
835	gʰ	ɡʰ	consonant	velar	stop	voiced	aspirated
836	kʲ	kʲ	consonant	velar	stop	voiceless	palatalized
837	k	k	consonant	velar	stop	voiceless	plain
838	k̂	k̂	consonant	velar	stop	voiceless	lenis
839	ᵑg̥	ŋɡ̥	consonant	velar	stop	devoiced	prenasalized
840	kf	kf	consonant	velar_to_labiodental	affricate	voiced_to_voiceless	plain
841	ʉ̟ː	ʉ̟ː	vowel	advanced_central_rounded	high	plain	long
842	a+	a+	vowel	advanced_central_unrounded	low	plain	plain
843	ə̟	ə̟	vowel	advanced_central_unrounded	mid	plain	plain
844	əː	əː	vowel	advanced_central_unrounded	mid	plain	long
845	i̟	i̟	vowel	advanced_front_unrounded	high	plain	plain
846	ũː	ũː	vowel	back_rounded	high	nasalized	long
847	ṳˀ	ṳʔ	vowel	back_rounded	high	glottalized	breathy
848	ṳː	ṳː	vowel	back_rounded	high	plain	breathy_long
849	uˤˀ	uˤʔ	vowel	back_rounded	high	pharyngealized_glottalized	plain
850	ʮ		vowel	back_rounded	high	with_frication	plain
851	ṵː	ṵː	vowel	back_rounded	high	plain	creaky_long
852	ṳ̃ˤ	ṳ̃ˤ	vowel	back_rounded	high	pharyngealized_nasalized	breathy
853	uˀ	uʔ	vowel	back_rounded	high	glottalized	plain
854	ũˀ	ũʔ	vowel	back_rounded	high	glottalized_nasalized	plain
855	uʔu	uʔu	vowel	back_rounded	high	interrupted	plain
856	uˤ	uˤ	vowel	back_rounded	high	pharyngealized	plain
857	ṵ	ṵ	vowel	back_rounded	high	plain	creaky
858	uːː	uːː	vowel	back_rounded	high	plain	extra_long
859	uː	uː	vowel	back_rounded	high	plain	long
860	ṳ	ṳ	vowel	back_rounded	high	plain	breathy
861	ṳˤ	ṳˤ	vowel	back_rounded	high	pharyngealized	breathy
862	ũʔũ	ũʔũ	vowel	back_rounded	high	interrupted_nasalized	plain
863	u̞	u̞	vowel	back_rounded	high	RTR	plain
864	u̥	u̥	vowel	back_rounded	high	plain	voiceless
865	ũ	ũ	vowel	back_rounded	high	nasalized	plain
866	ũˤ	ũˤ	vowel	back_rounded	high	pharyngealized_nasalized	plain
867	u	u	vowel	back_rounded	high	plain	plain
868	u̯o	u̯o	diphtong	back_rounded	high_glide_to_higher_mid	plain	plain
869	ṳo̤	ṳo̤	diphtong	back_rounded	high_to_higher_mid	plain	breathy
870	uo	uo	diphtong	back_rounded	high_to_higher_mid	plain	plain
871	uɔ	uɔ	diphtong	back_rounded	high_to_lower_mid	plain	plain
872	õː	õː	vowel	back_rounded	higher_mid	nasalized	long
873	o̥	o̥	vowel	back_rounded	higher_mid	plain	voiceless
874	o̤	o̤	vowel	back_rounded	higher_mid	plain	breathy
875	õʔ	õʔ	vowel	back_rounded	higher_mid	interrupted_nasalized	plain
876	o̰		vowel	back_rounded	higher_mid	plain	creaky
877	o̞	o̞	vowel	back_rounded	higher_mid	RTR	plain
878	oˤ	oˤ	vowel	back_rounded	higher_mid	pharyngealized	plain
879	oː	oː	vowel	back_rounded	higher_mid	plain	long
880	o̤ˀ	o̤ʔ	vowel	back_rounded	higher_mid	glottalized	breathy
881	omf	omf	vowel	back_rounded	higher_mid	muffled	plain
882	õ	õ	vowel	back_rounded	higher_mid	nasalized	plain
883	õⁿ	õⁿ	vowel	back_rounded	higher_mid	postnasalized	plain
884	õ̤ˤ	õ̤ˤ	vowel	back_rounded	higher_mid	pharyngealized_nasalized	breathy
885	ŏ	ŏ	vowel	back_rounded	higher_mid	plain	extra_short
886	o	o	vowel	back_rounded	higher_mid	plain	plain
887	oːː	oːː	vowel	back_rounded	higher_mid	plain	extra_long
888	o̤ˤ	o̤ˤ	vowel	back_rounded	higher_mid	pharyngealized	breathy
889	õ̰		vowel	back_rounded	higher_mid	nasalized	creaky
890	õ̤	õ̤	vowel	back_rounded	higher_mid	nasalized	breathy
891	õ̤ˀ	õ̤ʔ	vowel	back_rounded	higher_mid	glottalized_nasalized	breathy
892	oˀ	oʔ	vowel	back_rounded	higher_mid	glottalized	plain
893	oʔo	oʔo	vowel	back_rounded	higher_mid	interrupted	plain
894	õˤ	õˤ	vowel	back_rounded	higher_mid	pharyngealized_nasalized	plain
895	o̤ː	o̤ː	vowel	back_rounded	higher_mid	plain	breathy_long
896	o̯u	o̯u	diphtong	back_rounded	higher_mid_glide_to_high	plain	plain
897	ou	ou	diphtong	back_rounded	higher_mid_to_high	plain	plain
898	oʊ	oʊ	diphtong	back_rounded	higher_mid_to_lower_high	plain	plain
899	ɒ	ɒ	vowel	back_rounded	low	plain	plain
900	ɒː	ɒː	vowel	back_rounded	low	plain	long
901	ɒ̃		vowel	back_rounded	low	nasalized	plain
902	ʊ̥	ʊ̥	vowel	back_rounded	lower_high	plain	voiceless
903	ʊ	ʊ	vowel	back_rounded	lower_high	plain	plain
904	ʊ̃	ʊ̃	vowel	back_rounded	lower_high	nasalized	plain
905	ʊ̃ː	ʊ̃ː	vowel	back_rounded	lower_high	nasalized	long
906	ʊ̘	ʊ̘	vowel	back_rounded	lower_high	ATR	plain
907	ṳ̃	ṳ̃	vowel	back_rounded	lower_high	nasalized	breathy
908	ʊː	ʊː	vowel	back_rounded	lower_high	plain	long
909	ʊɔ	ʊɔ	diphtong	back_rounded	lower_high_to_lower_mid	plain	plain
910	ɔ̤ː		vowel	back_rounded	lower_mid	plain	long_breathy
911	ɔ̤		vowel	back_rounded	lower_mid	plain	breathy
912	ɔˀ	ɔʔ	vowel	back_rounded	lower_mid	glottalized	plain
913	ɔː	ɔː	vowel	back_rounded	lower_mid	plain	long
914	ɔ̃	ɔ̃	vowel	back_rounded	lower_mid	nasalized	plain
915	ɔ	ɔ	vowel	back_rounded	lower_mid	plain	plain
916	ɔ̃ˀ	ɔ̃ʔ	vowel	back_rounded	lower_mid	glottalized_nasalized	plain
917	ɔ̥	ɔ̥	vowel	back_rounded	lower_mid	plain	voiceless
918	ɔ̘	ɔ̘	vowel	back_rounded	lower_mid	ATR	plain
919	ɔ̰		vowel	back_rounded	lower_mid	plain	creaky
920	ɔ̃ː	ɔ̃ː	vowel	back_rounded	lower_mid	nasalized	long
921	ɔu		diphtong	back_rounded	lower_mid_to_high	plain	plain
922	u̝ː	u̝ː	vowel	back_rounded	raised_high	plain	long
923	u̝	u̝	vowel	back_rounded	raised_high	plain	plain
924	õ̝	õ̝	vowel	back_rounded	raised_higher_mid	nasalized	plain
925	o̝ː	o̝ː	vowel	back_rounded	raised_higher_mid	plain	long
926	o̝	o̝	vowel	back_rounded	raised_higher_mid	plain	plain
927	ɔ̝ː	ɔ̝ː	vowel	back_rounded	raised_lower_mid	plain	long
928	ɔ̝	ɔ̝	vowel	back_rounded	raised_lower_mid	plain	plain
929	ua	ua	diphtong	back_rounded_to_central_unrounded	high_to_low	plain	plain
930	uə	uə	diphtong	back_rounded_to_central_unrounded	high_to_mid	plain	plain
931	o̯a	o̯a	diphtong	back_rounded_to_central_unrounded	higher_mid_glide_to_low	plain	plain
932	oə	oə	diphtong	back_rounded_to_central_unrounded	higher_mid_to_mid	plain	plain
933	əo	əo	diphtong	back_rounded_to_central_unrounded	mid_to_higher_mid	plain	plain
934	oi	oi	diphtong	back_rounded_to_front	higher_mid_to_high	plain	plain
935	ui	ui	diphtong	back_rounded_to_front_unrounded	high	plain	plain
936	ʊʏ̯	ʊʏ̯	diphtong	back_rounded_to_front_unrounded	lower_high_to_high_glide	plain	plain
937	ɔi	ɔi	diphtong	back_rounded_to_front_unrounded	lower_mid_to_high	plain	plain
938	ɔi̯	ɔi̯	diphtong	back_rounded_to_front_unrounded	lower_mid_to_high_glide	plain	plain
939	uw	uw	diphtong	back_rounded_to_labiovelar	high_to_glide	plain	plain
940	oj	oj	diphtong	back_rounded_to_palatal	higher_mid_to_glide	plain	plain
941	ɔj	ɔj	diphtong	back_rounded_to_palatal	lower_mid_to_glide	plain	plain
942	ɯ̃	ɯ̃	vowel	back_unrounded	high	nasalized	plain
943	ɯ	ɯ	vowel	back_unrounded	high	plain	plain
944	ɿ		vowel	back_unrounded	high	with_frication	plain
945	ɯː	ɯː	vowel	back_unrounded	high	plain	long
946	ɤ	ɤ	vowel	back_unrounded	higher_mid	plain	plain
947	ɤ̃		vowel	back_unrounded	higher_mid	nasalized	plain
948	ɤː	ɤː	vowel	back_unrounded	higher_mid	plain	long
949	ɑ̃ː		vowel	back_unrounded	low	nasalized	long
950	ɑ̃	ɑ̃	vowel	back_unrounded	low	nasalized	plain
951	ɑ	ɑ	vowel	back_unrounded	low	plain	plain
952	ɑ̤ː		vowel	back_unrounded	low	plain	breathy_long
953	ɑː	ɑː	vowel	back_unrounded	low	plain	long
954	ʌ̆	ʌ̆	vowel	back_unrounded	lower_mid	plain	extra_short
955	ʌː	ʌː	vowel	back_unrounded	lower_mid	plain	long
956	ʌ̃	ʌ̃	vowel	back_unrounded	lower_mid	nasalized	plain
957	ʌ̃ː	ʌ̃ː	vowel	back_unrounded	lower_mid	nasalized	long
958	ʌ̤	ʌ̤	vowel	back_unrounded	lower_mid	plain	breathy
959	ʌ	ʌ	vowel	back_unrounded	lower_mid	plain	plain
960	ʌ̤ː	ʌ̤ː	vowel	back_unrounded	lower_mid	plain	breathy_long
961	ʌ̝	ʌ̝	vowel	back_unrounded	raised_lower_mid	plain	plain
962	ɑu		diphtong	back_unrounded_to_back_rounded	low_to_high	plain	plain
963	ɯə	ɯə	diphtong	back_unrounded_to_central	high_to_mid	plain	plain
964	uj	uj	diphtong	back_unrounded_to_palatal	high_to_glide	plain	plain
965	ʉː		vowel	central_rounded	high	plain	long
966	ʯ		vowel	central_rounded	high	with_frication	plain
967	ʉ	ʉ	vowel	central_rounded	high	plain	plain
968	ʉ̃ⁿ	ʉ̃ⁿ	vowel	central_rounded	high	postnasalized	plain
969	ɵ	ɵ	vowel	central_rounded	higher_mid	plain	plain
970	ɵː		vowel	central_rounded	higher_mid	plain	long
971	ɞ	ʚ	vowel	central_rounded	lower_mid	plain	plain
971	ɞ	ʚ	vowel	central_rounded	lower_mid	plain	plain
973	ɨ̤ː		vowel	central_unrounded	high	plain	breathy_long
974	ɨ˞	ɨ˞	vowel	central_unrounded	high	retroflex	plain
975	ɨː	ɨː	vowel	central_unrounded	high	plain	long
976	ʅ		vowel	central_unrounded	high	with_frication	plain
977	ɨ̃	ɨ̃	vowel	central_unrounded	high	nasalized	plain
978	ɨ̃ʔɨ̃	ɨ̃ʔɨ̃	vowel	central_unrounded	high	interrupted_nasalized	plain
979	ɨ̃ː	ɨ̃ː	vowel	central_unrounded	high	nasalized	long
980	ɨʔɨ	ɨʔɨ	vowel	central_unrounded	high	interrupted	plain
981	ɨ̤		vowel	central_unrounded	high	plain	breathy
982	ɨ	ɨ	vowel	central_unrounded	high	plain	plain
983	ɨːː	ɨːː	vowel	central_unrounded	high	plain	extra_long
984	ɐ̯		vowel	central_unrounded	higher_low	plain	consonantal
985	ɐ	ɐ	vowel	central_unrounded	higher_low	plain	plain
986	ɐ̃		vowel	central_unrounded	higher_low	nasalized	plain
987	ɐː	ɐː	vowel	central_unrounded	higher_low	plain	long
988	ɘ	ɘ	vowel	central_unrounded	higher_mid	plain	plain
989	ãˀ	ãʔ	vowel	central_unrounded	low	glottalized_nasalized	plain
990	aʔa	aʔa	vowel	central_unrounded	low	interrupted	plain
991	ãː	ãː	vowel	central_unrounded	low	nasalized	long
992	ă	ă	vowel	central_unrounded	low	plain	extra_short
993	aˀ	aʔ	vowel	central_unrounded	low	glottalized	plain
994	a̰	a̰	vowel	central_unrounded	low	plain	creaky
995	ãˤ	ãˤ	vowel	central_unrounded	low	pharyngealized_nasalized	plain
996	a	a	vowel	central_unrounded	low	plain	plain
997	a̤	a̤	vowel	central_unrounded	low	plain	breathy
998	ãʔã	ãʔã	vowel	central_unrounded	low	interrupted_nasalized	plain
999	a̰ː	a̰ː	vowel	central_unrounded	low	plain	creaky_long
1000	a̤ː		vowel	central_unrounded	low	plain	breathy_long
1001	ã̤ˀ	ã̤ʔ	vowel	central_unrounded	low	glottalized_nasalized	breathy
1002	ḁ	ḁ	vowel	central_unrounded	low	plain	voiceless
1003	aː	aː	vowel	central_unrounded	low	plain	long
1004	a̤ˤ	a̤ˤ	vowel	central_unrounded	low	pharyngealized	breathy
1005	ã̤	ã̤	vowel	central_unrounded	low	nasalized	breathy
1006	aˤˀ	aˤʔ	vowel	central_unrounded	low	pharyngealized_glottalized	plain
1007	aːː	aːː	vowel	central_unrounded	low	plain	extra_long
1008	a̠	a̠	vowel	central_unrounded	low	ATR	plain
1009	ãⁿ	ãⁿ	vowel	central_unrounded	low	postnasalized	plain
1010	ã̤ˤ	ã̤ˤ	vowel	central_unrounded	low	pharyngealized_nasalized	breathy
1011	aˤ	aˤ	vowel	central_unrounded	low	pharyngealized	plain
1012	a̤ˀ	a̤ʔ	vowel	central_unrounded	low	glottalized	breathy
1013	ã	ã	vowel	central_unrounded	low	nasalized	plain
1014	ɨ̞	ɨ̞	vowel	central_unrounded	lower_high	plain	plain
1015	ɜ	ɜ	vowel	central_unrounded	lower_mid	plain	plain
1016	ɜː	ɜː	vowel	central_unrounded	lower_mid	plain	long
1017	a̞	a̞	vowel	central_unrounded	lowered_low	plain	plain
1018	ə̠		vowel	central_unrounded	mid	retracted	plain
1019	ə̃	ə̃	vowel	central_unrounded	mid	nasalized	plain
1020	ə̃ː	ə̃ː	vowel	central_unrounded	mid	nasalized	long
1021	ə	ə	vowel	central_unrounded	mid	plain	plain
1022	əˤ	əˤ	vowel	central_unrounded	mid	pharyngealized	plain
1023	ə̃˞		vowel	central_unrounded	mid	retroflex_nasalized	plain
1024	ə̤		vowel	central_unrounded	mid	plain	breathy
1025	ə˞	ə˞	vowel	central_unrounded	mid	retroflex	plain
1026	ə̤ː		vowel	central_unrounded	mid	plain	breathy_long
1027	ə̆	ə̆	vowel	central_unrounded	mid	plain	extra_short
1028	a̝	a̝	vowel	central_unrounded	raised_low	plain	plain
1028	a̝	a̝	vowel	central_unrounded	raised_low	plain	plain
1030	a̝ː	a̝ː,a̪ː	vowel	central_unrounded	raised_low	plain	long
1031	ə̝	ə̝	vowel	central_unrounded	raised_mid	plain	plain
1032	au	au	diphtong	central_unrounded_to_back_rounded	low_to_high	plain	plain
1033	ao	ao	diphtong	central_unrounded_to_back_rounded	low_to_higher_mid	plain	plain
1034	aʊ	aʊ	diphtong	central_unrounded_to_back_rounded	low_to_lower_high	plain	plain
1035	əu	əu	diphtong	central_unrounded_to_back_rounded	mid_to_high	plain	plain
1036	ai	ai	diphtong	central_unrounded_to_front	low_to_high	plain	plain
1037	ai̯	ai̯	diphtong	central_unrounded_to_front	low_to_high_glide	plain	plain
1038	aɪ	aɪ	diphtong	central_unrounded_to_front	low_to_lower_high	plain	plain
1039	ɛi̯	ɛi̯	diphtong	central_unrounded_to_front	lower_mid_to_high_glide	plain	plain
1040	ə̯i	ə̯i	diphtong	central_unrounded_to_front	mid_glide_to_high	plain	plain
1041	əi	əi	diphtong	central_unrounded_to_front	mid_to_high	plain	plain
1042	əe	əe	diphtong	central_unrounded_to_front	mid_to_higher_mid	plain	plain
1043	aj	aj	diphtong	central_unrounded_to_palatal	low_to_glide	plain	plain
1044	aʉ	aʉ	diphtong	central_unrounded_to_rounded	low_to_high	plain	plain
1045	ỹ	ỹ	vowel	front_rounded	high	nasalized	plain
1046	y	y	vowel	front_rounded	high	plain	plain
1047	ỹː		vowel	front_rounded	high	nasalized	long
1048	yː	yː	vowel	front_rounded	high	plain	long
1049	øː	øː	vowel	front_rounded	higher_mid	plain	long
1050	ø̆	ø̆	vowel	front_rounded	higher_mid	plain	extra_short
1051	ø	ø	vowel	front_rounded	higher_mid	plain	plain
1052	ɶː		vowel	front_rounded	low	plain	long
1053	ʏ	ʏ	vowel	front_rounded	lower_high	plain	plain
1054	ʏː		vowel	front_rounded	lower_high	plain	long
1055	œ̃	œ̃	vowel	front_rounded	lower_mid	nasalized	plain
1056	œː	œː	vowel	front_rounded	lower_mid	plain	long
1057	œ̃ː		vowel	front_rounded	lower_mid	nasalized	long
1058	œ	œ	vowel	front_rounded	lower_mid	plain	plain
1059	œu	œu	diphtong	front_rounded_to_back	lower_mid_to_high	plain	plain
1060	øə	øə	diphtong	front_rounded_to_central_unrounded	higher_mid_to_mid	plain	plain
1061	yi	yi	diphtong	front_rounded_to_unrounded	high	plain	plain
1062	œi	œi	diphtong	front_rounded_to_unrounded	lower_mid_to_high	plain	plain
1063	i̺	i̺	vowel	front_unrounded	high	apical	plain
1064	iːː	iːː	vowel	front_unrounded	high	plain	extra_long
1065	ĩː	ĩː	vowel	front_unrounded	high	nasalized	long
1066	iˤ	iˤ	vowel	front_unrounded	high	pharyngealized	plain
1067	iː	iː	vowel	front_unrounded	high	plain	long
1068	i̤ː	i̤ː	vowel	front_unrounded	high	plain	breathy_long
1069	i̞	i̞	vowel	front_unrounded	high	RTR	plain
1070	ĩʔĩ	ĩʔĩ	vowel	front_unrounded	high	interrupted_nasalized	plain
1071	i̤		vowel	front_unrounded	high	nasalized	breathy
1072	i̥	i̥	vowel	front_unrounded	high	plain	voiceless
1073	iʔi	iʔi	vowel	front_unrounded	high	interrupted	plain
1074	iˀ	iʔ	vowel	front_unrounded	high	glottalized	plain
1075	i	i	vowel	front_unrounded	high	plain	plain
1076	ḭː	ḭː	vowel	front_unrounded	high	plain	creaky_long
1077	ĩ	ĩ	vowel	front_unrounded	high	nasalized	plain
1078	ḭ	ḭ	vowel	front_unrounded	high	plain	creaky
1079	ĩˀ	ĩʔ	vowel	front_unrounded	high	glottalized_nasalized	plain
1080	ĩ̤	i̤	vowel	front_unrounded	high	plain	breathy
1081	i̯e	i̯e	diphtong	front_unrounded	high_glide_to_higher_mid	plain	plain
1082	ie	ie	diphtong	front_unrounded	high_to_higher_mid	plain	plain
1083	i̤e̤	i̤e̤	diphtong	front_unrounded	high_to_higher_mid	plain	breathy
1084	iɛ	iɛ	diphtong	front_unrounded	high_to_lower_mid	plain	plain
1085	æ̃	æ̃	vowel	front_unrounded	higher_low	nasalized	plain
1086	æ	æ	vowel	front_unrounded	higher_low	plain	plain
1087	æː	æː	vowel	front_unrounded	higher_low	plain	long
1088	e	e	vowel	front_unrounded	higher_mid	plain	plain
1089	ẽ	ẽ	vowel	front_unrounded	higher_mid	nasalized	plain
1090	eː	eː	vowel	front_unrounded	higher_mid	plain	long
1091	e̥	e̥	vowel	front_unrounded	higher_mid	plain	voiceless
1092	ḛ		vowel	front_unrounded	higher_mid	plain	creaky
1093	eˀ	eʔ	vowel	front_unrounded	higher_mid	glottalized	plain
1094	emf	emf	vowel	front_unrounded	higher_mid	muffled	plain
1095	ẽː	ẽː	vowel	front_unrounded	higher_mid	nasalized	long
1096	eːː	eːː	vowel	front_unrounded	higher_mid	plain	extra_long
1097	ẽʔẽ	ẽʔẽ	vowel	front_unrounded	higher_mid	interrupted_nasalized	plain
1098	ẽ̤ː		vowel	front_unrounded	higher_mid	nasalized	breathy_long
1099	e̤	e̤	vowel	front_unrounded	higher_mid	plain	breathy
1100	eʔe	eʔe	vowel	front_unrounded	higher_mid	interrupted	plain
1101	ẽ̤	ẽ̤	vowel	front_unrounded	higher_mid	nasalized	breathy
1102	eˤ	eˤ	vowel	front_unrounded	higher_mid	pharyngealized	plain
1103	ẽⁿ	ẽⁿ	vowel	front_unrounded	higher_mid	postnasalized	plain
1104	e̤ː	e̤ː	vowel	front_unrounded	higher_mid	plain	breathy_long
1105	e̞	e̞	vowel	front_unrounded	higher_mid	RTR	plain
1106	ei	ei	diphtong	front_unrounded	higher_mid_to_high	plain	plain
1107	eɪ	eɪ	diphtong	front_unrounded	higher_mid_to_lower_high	plain	plain
1108	ɪ̃	ɪ̃	vowel	front_unrounded	lower_high	nasalized	plain
1109	ɪ	ɪ	vowel	front_unrounded	lower_high	plain	plain
1110	ɪ̥	ɪ̥	vowel	front_unrounded	lower_high	plain	voiceless
1111	ɪː	ɪː	vowel	front_unrounded	lower_high	plain	long
1112	ɪ̃ː	ɪ̃ː	vowel	front_unrounded	lower_high	nasalized	long
1113	ɪ̘	ɪ̘	vowel	front_unrounded	lower_high	ATR	plain
1114	ɪɛ	ɪɛ	diphtong	front_unrounded	lower_high_to_lower_mid	plain	plain
1115	ɛ̤		vowel	front_unrounded	lower_mid	plain	breathy
1116	ɛː	ɛː	vowel	front_unrounded	lower_mid	plain	long
1117	ɛ̃ː	ɛ̃ː	vowel	front_unrounded	lower_mid	nasalized	long
1118	ɛ̘	ɛ̘	vowel	front_unrounded	lower_mid	ATR	plain
1119	ɛˀ	ɛʔ	vowel	front_unrounded	lower_mid	glottalized	plain
1120	ɛ	ɛ	vowel	front_unrounded	lower_mid	plain	plain
1121	ɛ̃ˀ	ɛ̃ʔ	vowel	front_unrounded	lower_mid	glottalized_nasalized	plain
1122	ɛ̃	ɛ̃	vowel	front_unrounded	lower_mid	nasalized	plain
1123	ɛ̰		vowel	front_unrounded	lower_mid	plain	creaky
1124	ɛ̥	ɛ̥	vowel	front_unrounded	lower_mid	plain	voiceless
1125	æ̞	æ̞	vowel	front_unrounded	lowered_higher_low	plain	plain
1126	ɛ̞	ɛ̞	vowel	front_unrounded	lowered_lower_mid	plain	plain
1127	i̝	i̝	vowel	front_unrounded	raised_high	plain	plain
1128	i̝ː	i̝ː	vowel	front_unrounded	raised_high	plain	long
1129	e̝ː	e̝ː	vowel	front_unrounded	raised_higher_mid	plain	long
1130	ẽ̝	ẽ̝	vowel	front_unrounded	raised_higher_mid	nasalized	plain
1131	e̝	e̝	vowel	front_unrounded	raised_higher_mid	plain	plain
1132	i̯o	i̯o	diphtong	front_unrounded_to_back_rounded	high_glide_to_higher_mid	plain	plain
1133	e̯o	e̯o	diphtong	front_unrounded_to_back_rounded	higher_mid_glide_to_higher_mid	plain	plain
1134	eu	eu	diphtong	front_unrounded_to_back_rounded	higher_mid_to_high	plain	plain
1134	eu	eu	diphtong	front_unrounded_to_back_rounded	higher_mid_to_high	plain	plain
1136	ɛu		diphtong	front_unrounded_to_back_rounded	lower_mid_to_high	plain	plain
1137	ia	ia	diphtong	front_unrounded_to_central	high_to_low	plain	plain
1138	iə	iə	diphtong	front_unrounded_to_central	high_to_mid	plain	plain
1139	e̯a	e̯a	diphtong	front_unrounded_to_central	higher_mid_glide_to_low	plain	plain
1140	eə	eə	diphtong	front_unrounded_to_central	higher_mid_to_mid	plain	plain
1141	æɨ		diphtong	front_unrounded_to_central	higher_low_to_high	plain	plain
1142	ɛi		diphtong	front_unrounded	lower_mid_to_high	plain	plain
1143	ij	ij	diphtong	front_unrounded_to_palatal	high_to_glide	plain	plain
1144	ej	ej	diphtong	front_unrounded_to_palatal	higher_mid_to_glide	plain	plain
1145	je	je	diphtong	palatal_to_front_unrounded	glide_to_higher_mid	plain	plain
1146	jeː	jeː	diphtong	palatal_to_front_unrounded	glide_to_higher_mid	plain	long
1147	jẽ	jẽ	diphtong	palatal_to_front_unrounded	glide_to_higher_mid	nasalized	plain
1148	²		tone	flat	low		
1149	²²		tone	flat	low	low	
1150	²³		tone	rise	low	mid	
1151	²¹		tone	fall	low	low	
1152	²¹²		tone	fall-rise	low	low	low
1153	²¹³		tone	fall-rise	low	low	mid
1154	²¹⁴		tone	fall-rise	low	low	high
1155	²⁴		tone	rise	low	high	
1156	²⁴²		tone	rise-fall	low	high	low
1157	³		tone	flat	mid		
1158	³²		tone	fall	mid	low	
1159	³²⁴		tone	fall-rise	mid	low	high
1160	³³		tone	flat	mid	mid	
1161	³¹		tone	fall	mid	low	
1162	³¹³		tone	fall-rise	mid	low	mid
1163	³⁴		tone	rise	mid	high	
1164	³⁵		tone	rise	mid	high	
1165	¹		tone	flat	low		
1166	¹²		tone	rise	low	low	
1167	¹³		tone	rise	low	mid	
1168	¹¹		tone	flat	low	low	
1169	¹⁵		tone	rise	low	high	
1170	⁰		tone	zero			
1171	⁰²		tone	rise	low	low	
1172	⁰⁴		tone	rise	low	high	
1173	⁴		tone	flat	high		
1174	⁴²		tone	fall	high	low	
1175	⁴³		tone	fall	high	mid	
1176	⁴¹		tone	fall	high	low	
1177	⁴⁴		tone	flat	high	high	
1178	⁴⁴³		tone	fall	high	mid	
1179	⁴⁴⁵		tone	rise	high	high	
1180	⁴⁵		tone	rise	high	high	
1181	⁴⁵⁴		tone	rise-fall	high	high	high
1182	⁵		tone	flat	high		
1183	⁵²		tone	fall	high	low	
1184	⁵³		tone	fall	high	mid	
1185	⁵¹		tone	fall	high	low	
1186	⁵¹³		tone	fall-rise	high	low	mid
1187	⁵⁴		tone	fall	high	high	
1188	⁵⁵		tone	flat	high	high	
1189	_		marker	word_boundary			
1190	∼		marker	nasal_vowel			
1191	+		marker	morpheme_boundary			
1192	ɶ	ɶ	vowel	front_rounded	low	plain	plain
1193	ʰc		consonant	palatal	stop	voiceless	preaspirated
1194	ʰt		consonant	alveolar	stop	voiceless	preaspirated
1195	ʰk		consonant	velar	stop	voiceless	preaspirated
1196	ø̰		vowel	front_rounded	higher_mid	plain	creaky
1197	øˀ		vowel	front_rounded	higher_mid	plain	glottalized
1198	yˀ		vowel	front_rounded	high	plain	glottalized
1199	æˀ		vowel	front_unrounded	higher_low	plain	glottalized
1200	œˀ		vowel	front_rounded	lower_mid	plain	glottalized
1201	ɑˀ		vowel	back_unrounded	low	plain	glottalized
1202	ɶˀ		vowel	front_rounded	low	plain	glottalized
1203	ɒˀ		vowel	back_rounded	low	plain	glottalized
1204	ʁˀ		consonant	uvular	fricative	voiced	glottalized
1205	ðˀ		consonant	interdental	fricative	voiced	glottalized
